A,,,B,,,K,,,M,,,C,,,P,,,AB,,,AK,,,AM,,,AC,,,AP,,,BK,,,BM,,,BC,,,BP,,,KM,,,KC,,,KP,,,MC,,,MP,,,CP,,,ABK,,,ABM,,,ABC,,,ABP,,,AKM,,,AKC,,,AKP,,,AMC,,,AMP,,,ACP,,,BKM,,,BKC,,,BKP,,,BMC,,,BMP,,,BCP,,,KMC,,,KMP,,,KCP,,,MCP,,,ABKMCP,,,SOL-CORR/COV,,,SOL-INT,,,AN-COV/CORR,,,BLANK,,,KM + CDCA (1:1 ratio),
Voltage (V),Current (A),,Voltage (V),Current (A),,Voltage (V),Current (A),,Voltage (V),Current (A),,Voltage (V),Current (A),,Voltage (V),Current (A),,Voltage (V),Current (A),,Voltage (V),Current (A),,Voltage (V),Current (A),,Voltage (V),Current (A),,Voltage (V),Current (A),,Voltage (V),Current (A),,Voltage (V),Current (A),,Voltage (V),Current (A),,Voltage (V),Current (A),,Voltage (V),Current (A),,Voltage (V),Current (A),,Voltage (V),Current (A),,Voltage (V),Current (A),,Voltage (V),Current (A),,Voltage (V),Current (A),,Voltage (V),Current (A),,Voltage (V),Current (A),,Voltage (V),Current (A),,Voltage (V),Current (A),,Voltage (V),Current (A),,Voltage (V),Current (A),,Voltage (V),Current (A),,Voltage (V),Current (A),,Voltage (V),Current (A),,Voltage (V),Current (A),,Voltage (V),Current (A),,Voltage (V),Current (A),,Voltage (V),Current (A),,Voltage (V),Current (A),,Voltage (V),Current (A),,Voltage (V),Current (A),,Voltage (V),Current (A),,Voltage (V),Current (A),,Voltage (V),Current (A),,Voltage (V),Current (A),,Voltage (V),Current (A),,Voltage (V),Current (A),,Voltage (V),Current (A),,Voltage (V),Current (A),,Voltage (V),Current (A),,Voltage (V),Current (A)
0.4929,-0.0000405,,0.586,-0.000134,,0.5689,-0.000111,,0.633,-0.000233,,0.2299,-0.0000141,,0.5359,-0.0000353,,0.621,-0.000208,,0.509,-0.0000674,,0.546,-0.000124,,0.516,-0.000108,,0.146,-0.00000517,,0.629,-0.000146,,0.634,-0.000388,,0.644,-0.00022,,0.5347,-0.000288,,0.654,-0.000234,,0.605,-0.000101,,0.552,-0.0000923,,0.296,-0.0000257,,0.5748,-0.0000963,,0.4607,-0.000326,,0.584,-0.000144,,0.628,-0.000173,,0.651,-0.000317,,0.628,-0.00026,,0.3449,0.00000143,,0.544,-0.00013,,0.4258,-0.00015,,0.542,-0.000102,,0.572,-0.0000716,,0.5706,-0.00039,,0.684,-0.000271,,0.5993,-0.00023,,0.596,-0.00019,,0.673,-0.000632,,0.616,-0.000111,,0.6,-0.000372,,0.653,-0.000209,,0.513,-0.0000224,,0.552,-0.0000913,,0.585,-0.0000964,,0.627,-0.000301,,0.573,-0.000195,,0.497,-0.000104,,0.652,-0.000136,,0.127,1.59E-09,,0.5989,-0.000247
0.4879,-0.0000176,,0.579,-0.000026,,0.563,-0.0000502,,0.6259,-0.0000883,,0.2269,-0.00000651,,0.53,-0.0000148,,0.6139,-0.0000635,,0.5029,-0.0000199,,0.54,-0.0000426,,0.511,-0.0000449,,0.145,-7.86E-08,,0.622,-0.0000361,,0.627,-0.0000866,,0.637,-0.0000522,,0.5922,-0.000288,,0.647,-0.0000933,,0.598,-0.0000376,,0.545,-0.0000302,,0.293,-0.0000171,,0.5679,-0.0000327,,0.487,-0.0000773,,0.578,-0.0000476,,0.621,-0.0000603,,0.644,-0.0000641,,0.621,-0.0000915,,0.341,0.0000164,,0.538,-0.0000574,,0.433,-0.0000389,,0.536,-0.0000455,,0.566,-0.0000324,,0.565,-0.000112,,0.676,-0.000077,,0.611,-0.000098,,0.59,-0.0000664,,0.665,-0.000145,,0.61,-0.0000443,,0.594,-0.000107,,0.646,-0.0000828,,0.507,-0.0000128,,0.546,-0.0000348,,0.578,-0.0000377,,0.62,-0.0000861,,0.567,-0.0000664,,0.492,-0.0000316,,0.645,-0.0000597,,0.125,1.38E-09,,0.5929,-0.000084
0.4819,-0.000000172,,0.573,0.00000444,,0.5569,-0.0000172,,0.6189,0.0000231,,0.225,-0.00000097,,0.524,-0.00000196,,0.607,0.000000611,,0.4969,0.0000125,,0.5339,0.0000186,,0.5049,-0.0000123,,0.143,0.00000347,,0.6149,0.0000123,,0.62,-0.0000324,,0.6289,0.0000339,,0.589,-0.0000975,,0.639,0.0000307,,0.591,0.00000407,,0.539,-0.00000394,,0.2889,0.00000561,,0.5618,0.00000139,,0.482,-0.0000319,,0.571,0.0000128,,0.614,-0.0000205,,0.6369,0.0000168,,0.614,-0.0000314,,0.337,0.0000213,,0.532,-0.0000151,,0.428,-0.0000149,,0.53,-0.0000062,,0.56,-0.00000871,,0.559,-0.00005,,0.669,-0.00000781,,0.604,-0.0000249,,0.583,-0.00000382,,0.658,-0.0000266,,0.6029,0.00000449,,0.587,-0.0000268,,0.638,0.0000196,,0.501,-0.00000607,,0.54,-0.000009,,0.572,0.00000541,,0.613,-0.0000351,,0.56,-0.0000212,,0.486,-0.0000077,,0.638,-0.0000133,,0.124,1.75E-09,,0.5859,0.0000489
0.4769,0.0000115,,0.566,0.0000292,,0.5499,0.0000112,,0.612,0.000118,,0.2219,0.00000542,,0.5179,0.00000855,,0.6,0.000045,,0.4919,0.0000351,,0.5279,0.0000688,,0.499,0.0000105,,0.141,0.00000627,,0.608,0.0000474,,0.613,-0.00000411,,0.622,0.000083,,0.582,-0.0000251,,0.632,0.000129,,0.584,0.0000387,,0.533,0.0000165,,0.286,0.0000101,,0.5558,0.0000296,,0.476,-0.0000159,,0.565,0.00005,,0.607,0.0000068,,0.629,0.0000785,,0.607,0.00000725,,0.333,0.0000304,,0.526,0.0000186,,0.424,-0.00000501,,0.524,0.0000278,,0.553,0.0000135,,0.552,-0.0000184,,0.661,0.0000479,,0.597,0.0000025,,0.576,0.0000391,,0.65,0.0000492,,0.596,0.0000428,,0.58,0.0000128,,0.631,0.0000917,,0.496,-0.0000012,,0.534,0.0000103,,0.565,0.000045,,0.606,-0.00000468,,0.554,0.00000476,,0.481,0.00000552,,0.63,0.0000321,,0.123,1.42E-09,,0.5789,0.000152
0.4709,0.0000233,,0.56,0.0000422,,0.5439,0.0000302,,0.6049,0.000205,,0.2189,0.0000121,,0.5129,0.0000157,,0.5929,0.0000811,,0.486,0.0000607,,0.522,0.000113,,0.493,0.0000277,,0.14,0.00000721,,0.601,0.0000767,,0.606,0.0000149,,0.615,0.000128,,0.5749,0.00000614,,0.625,0.00022,,0.578,0.0000638,,0.527,0.0000327,,0.283,0.0000194,,0.5488,0.0000554,,0.471,-0.00000843,,0.558,0.0000882,,0.6,0.0000266,,0.622,0.000111,,0.6,0.0000359,,0.329,0.0000409,,0.52,0.0000449,,0.419,0.000003,,0.518,0.0000562,,0.547,0.0000279,,0.546,-0.00000103,,0.654,0.0000817,,0.591,0.0000164,,0.57,0.0000668,,0.643,0.0000882,,0.589,0.0000769,,0.574,0.0000331,,0.624,0.000158,,0.49,0.0000039,,0.528,0.0000251,,0.559,0.0000725,,0.599,0.000017,,0.548,0.0000247,,0.475,0.0000166,,0.623,0.0000632,,0.121,1.51E-09,,0.5729,0.000247
0.4659,0.0000314,,0.553,0.0000609,,0.5379,0.0000472,,0.5979,0.000286,,0.2169,0.00000882,,0.5069,0.0000235,,0.586,0.000111,,0.481,0.0000783,,0.516,0.000152,,0.488,0.0000394,,0.138,0.0000103,,0.594,0.000102,,0.599,0.000029,,0.608,0.000167,,0.569,0.0000199,,0.618,0.000302,,0.571,0.000092,,0.521,0.0000463,,0.28,0.0000372,,0.5428,0.000072,,0.465,-0.000000704,,0.552,0.000113,,0.593,0.000043,,0.615,0.000142,,0.593,0.0000591,,0.325,0.0000565,,0.514,0.0000673,,0.414,0.00000887,,0.512,0.0000798,,0.541,0.0000423,,0.54,0.0000117,,0.646,0.00012,,0.584,0.0000295,,0.563,0.0000978,,0.636,0.000123,,0.582,0.000107,,0.567,0.0000552,,0.617,0.000219,,0.484,0.00000865,,0.522,0.0000376,,0.552,0.000102,,0.592,0.0000339,,0.541,0.0000449,,0.47,0.0000234,,0.616,0.0000908,,0.12,1.44E-09,,0.5659,0.000363
0.4599,0.0000409,,0.547,0.0000704,,0.5309,0.0000669,,0.591,0.000356,,0.2139,0.0000125,,0.501,0.0000299,,0.579,0.000136,,0.475,0.0000982,,0.5099,0.000187,,0.4819,0.0000516,,0.137,0.0000116,,0.587,0.000124,,0.592,0.0000409,,0.601,0.000199,,0.562,0.000035,,0.61,0.000391,,0.564,0.000118,,0.515,0.0000583,,0.276,0.0000488,,0.5368,0.0000886,,0.46,0.00000383,,0.545,0.00014,,0.586,0.0000576,,0.608,0.000168,,0.586,0.0000782,,0.322,0.0000606,,0.508,0.0000859,,0.409,0.0000131,,0.506,0.000102,,0.534,0.0000564,,0.533,0.000024,,0.639,0.000144,,0.577,0.0000389,,0.557,0.000116,,0.628,0.000161,,0.575,0.000134,,0.56,0.0000709,,0.609,0.000281,,0.478,0.0000131,,0.516,0.0000484,,0.546,0.000122,,0.585,0.000048,,0.535,0.0000579,,0.464,0.0000316,,0.609,0.000115,,0.118,1.29E-09,,0.5599,0.000429
0.4549,0.0000475,,0.54,0.000082,,0.5249,0.0000804,,0.584,0.000417,,0.2119,0.0000176,,0.4949,0.0000351,,0.5719,0.000157,,0.4689,0.000117,,0.504,0.000217,,0.476,0.0000622,,0.135,0.0000133,,0.58,0.000143,,0.585,0.0000509,,0.594,0.000227,,0.555,0.0000447,,0.603,0.00046,,0.558,0.000139,,0.509,0.0000688,,0.273,0.0000481,,0.5298,0.000107,,0.455,0.00000774,,0.539,0.000158,,0.579,0.0000699,,0.601,0.000189,,0.579,0.0000945,,0.318,0.000073,,0.502,0.000102,,0.404,0.0000164,,0.5,0.00012,,0.528,0.0000649,,0.527,0.0000313,,0.631,0.000173,,0.57,0.000046,,0.55,0.000139,,0.621,0.00018,,0.569,0.000153,,0.554,0.0000798,,0.602,0.000325,,0.473,0.0000164,,0.509,0.0000603,,0.54,0.00014,,0.578,0.0000598,,0.529,0.0000703,,0.459,0.0000371,,0.601,0.00014,,0.117,1.11E-09,,0.5529,0.000508
0.4489,0.0000552,,0.5339,0.0000905,,0.5189,0.0000938,,0.5769,0.00047,,0.2089,0.0000196,,0.4889,0.0000396,,0.566,0.00017,,0.4639,0.00013,,0.498,0.000244,,0.47,0.0000712,,0.133,0.0000162,,0.573,0.00016,,0.578,0.0000595,,0.587,0.000252,,0.549,0.0000496,,0.596,0.000522,,0.551,0.000161,,0.503,0.0000769,,0.27,0.0000446,,0.5238,0.00012,,0.449,0.0000122,,0.532,0.000177,,0.572,0.0000813,,0.593,0.000214,,0.572,0.000108,,0.314,0.0000766,,0.495,0.00012,,0.399,0.0000194,,0.494,0.000136,,0.522,0.0000758,,0.521,0.0000378,,0.623,0.000196,,0.563,0.0000519,,0.543,0.000156,,0.613,0.000208,,0.562,0.000176,,0.547,0.0000927,,0.595,0.000365,,0.467,0.0000204,,0.503,0.0000677,,0.533,0.000158,,0.571,0.00007,,0.522,0.000085,,0.453,0.0000436,,0.594,0.000157,,0.116,0.000000001,,0.5459,0.000596
0.4439,0.0000604,,0.527,0.0001,,0.5119,0.000109,,0.5699,0.000514,,0.2069,0.0000203,,0.483,0.0000434,,0.5589,0.000187,,0.458,0.000145,,0.4919,0.000266,,0.465,0.0000769,,0.132,0.0000172,,0.566,0.000174,,0.571,0.0000669,,0.579,0.00028,,0.542,0.0000571,,0.589,0.00058,,0.544,0.000181,,0.497,0.0000839,,0.266,0.0000382,,0.5168,0.000134,,0.444,0.000015,,0.526,0.000189,,0.565,0.0000903,,0.586,0.000225,,0.565,0.00012,,0.31,0.0000879,,0.489,0.000131,,0.394,0.0000225,,0.488,0.000152,,0.515,0.0000848,,0.514,0.0000455,,0.616,0.000211,,0.556,0.0000572,,0.537,0.000166,,0.606,0.00022,,0.555,0.000194,,0.54,0.000103,,0.588,0.000399,,0.461,0.0000244,,0.497,0.0000742,,0.527,0.000168,,0.564,0.000079,,0.516,0.0000935,,0.448,0.0000481,,0.587,0.000174,,0.114,1.38E-09,,0.5399,0.000648
0.4379,0.0000664,,0.5209,0.000109,,0.5059,0.000118,,0.563,0.00055,,0.2039,0.0000253,,0.4769,0.000047,,0.5519,0.0002,,0.452,0.000158,,0.486,0.000285,,0.4589,0.0000848,,0.13,0.0000203,,0.559,0.000187,,0.564,0.000074,,0.572,0.000296,,0.535,0.0000622,,0.581,0.000639,,0.537,0.000197,,0.4899,0.0000911,,0.263,0.0000531,,0.5108,0.000143,,0.438,0.0000191,,0.52,0.000201,,0.558,0.0000986,,0.579,0.000239,,0.558,0.00013,,0.306,0.0000974,,0.483,0.000142,,0.39,0.0000242,,0.482,0.000167,,0.509,0.0000909,,0.508,0.0000496,,0.608,0.000231,,0.549,0.0000618,,0.53,0.000179,,0.598,0.000244,,0.548,0.000212,,0.534,0.000108,,0.58,0.000436,,0.456,0.0000275,,0.491,0.0000799,,0.52,0.000183,,0.557,0.0000864,,0.51,0.000102,,0.442,0.0000544,,0.58,0.000188,,0.113,1.09E-09,,0.5329,0.000738
0.4329,0.0000701,,0.514,0.000122,,0.4999,0.000126,,0.5559,0.000581,,0.2019,0.000026,,0.4709,0.00005,,0.545,0.000212,,0.447,0.000167,,0.48,0.000304,,0.453,0.000091,,0.128,0.0000225,,0.5519,0.000199,,0.557,0.0000807,,0.565,0.000312,,0.529,0.0000644,,0.574,0.000682,,0.531,0.000211,,0.484,0.0000957,,0.26,0.0000643,,0.5048,0.000153,,0.433,0.0000212,,0.513,0.000214,,0.551,0.000107,,0.572,0.000251,,0.551,0.000139,,0.302,0.000109,,0.477,0.000151,,0.385,0.000027,,0.476,0.00018,,0.503,0.0000975,,0.502,0.0000539,,0.601,0.000242,,0.543,0.0000642,,0.524,0.000186,,0.591,0.000253,,0.541,0.000227,,0.527,0.000117,,0.573,0.000458,,0.45,0.0000313,,0.485,0.0000856,,0.514,0.000194,,0.551,0.0000909,,0.503,0.000111,,0.437,0.0000582,,0.572,0.000203,,0.111,1.35E-09,,0.5259,0.00082
0.4269,0.0000753,,0.5079,0.000126,,0.4929,0.000137,,0.5489,0.000609,,0.1989,0.000024,,0.465,0.0000523,,0.538,0.000222,,0.441,0.000182,,0.4739,0.000319,,0.448,0.0000948,,0.127,0.0000234,,0.545,0.000209,,0.55,0.0000867,,0.558,0.000326,,0.522,0.0000696,,0.567,0.000723,,0.524,0.000227,,0.478,0.0001,,0.257,0.0000772,,0.4978,0.000164,,0.427,0.0000247,,0.507,0.00022,,0.544,0.000114,,0.564,0.000267,,0.544,0.000147,,0.299,0.000115,,0.471,0.000161,,0.38,0.0000294,,0.47,0.00019,,0.496,0.000106,,0.495,0.0000592,,0.593,0.000259,,0.536,0.0000683,,0.517,0.000197,,0.583,0.000274,,0.534,0.000241,,0.52,0.000123,,0.566,0.000482,,0.444,0.0000354,,0.479,0.0000906,,0.507,0.000211,,0.544,0.0000977,,0.497,0.000116,,0.431,0.000064,,0.565,0.000212,,0.11,9.39E-10,,0.5199,0.000873
0.4219,0.0000789,,0.501,0.000134,,0.4869,0.000144,,0.542,0.000629,,0.1969,0.0000274,,0.4589,0.0000546,,0.5309,0.00023,,0.435,0.000193,,0.468,0.000334,,0.442,0.0000996,,0.125,0.0000258,,0.538,0.000218,,0.543,0.000092,,0.551,0.000338,,0.515,0.000073,,0.56,0.00076,,0.517,0.000241,,0.472,0.000104,,0.253,0.000104,,0.4918,0.000171,,0.422,0.000027,,0.5,0.000229,,0.537,0.000119,,0.557,0.000273,,0.537,0.000154,,0.295,0.000121,,0.465,0.000168,,0.375,0.0000319,,0.464,0.000201,,0.49,0.000112,,0.489,0.0000615,,0.585,0.000272,,0.529,0.0000712,,0.51,0.000204,,0.576,0.000279,,0.527,0.000252,,0.514,0.000125,,0.559,0.000501,,0.439,0.0000385,,0.473,0.0000945,,0.501,0.000219,,0.537,0.000104,,0.49,0.000124,,0.426,0.0000671,,0.558,0.000222,,0.109,8.95E-10,,0.5129,0.000922
0.4169,0.0000818,,0.4949,0.00014,,0.4809,0.000149,,0.5349,0.00065,,0.1939,0.0000265,,0.453,0.0000564,,0.524,0.000236,,0.4299,0.000204,,0.461,0.000347,,0.436,0.000104,,0.124,0.0000254,,0.5309,0.000226,,0.536,0.000097,,0.544,0.000349,,0.509,0.0000742,,0.552,0.0008,,0.511,0.000251,,0.466,0.000108,,0.25,0.000117,,0.4858,0.00018,,0.416,0.0000304,,0.494,0.000235,,0.53,0.000125,,0.55,0.000279,,0.53,0.00016,,0.291,0.000128,,0.459,0.000175,,0.37,0.0000341,,0.458,0.000208,,0.484,0.000116,,0.483,0.0000644,,0.578,0.00028,,0.522,0.0000739,,0.504,0.000209,,0.568,0.000295,,0.521,0.00026,,0.507,0.000132,,0.551,0.000526,,0.433,0.0000424,,0.467,0.0000987,,0.494,0.000231,,0.53,0.000112,,0.484,0.000126,,0.42,0.0000722,,0.551,0.000239,,0.107,8.08E-10,,0.5059,0.000953
0.4109,0.0000858,,0.488,0.000147,,0.4739,0.000157,,0.5279,0.000669,,0.1909,0.00003,,0.447,0.0000576,,0.517,0.000242,,0.424,0.000214,,0.455,0.000356,,0.43,0.000108,,0.122,0.0000275,,0.524,0.000233,,0.529,0.000102,,0.537,0.000359,,0.502,0.0000776,,0.545,0.000828,,0.504,0.000263,,0.46,0.000111,,0.247,0.000129,,0.4788,0.000188,,0.411,0.0000322,,0.487,0.000242,,0.523,0.00013,,0.543,0.000286,,0.523,0.000165,,0.287,0.000134,,0.453,0.000181,,0.365,0.000036,,0.452,0.000216,,0.477,0.000123,,0.476,0.0000687,,0.57,0.000294,,0.515,0.0000766,,0.497,0.000215,,0.561,0.000301,,0.514,0.00027,,0.5,0.000136,,0.544,0.000546,,0.427,0.0000463,,0.46,0.000104,,0.488,0.000237,,0.523,0.000117,,0.478,0.00013,,0.415,0.0000748,,0.544,0.000254,,0.106,3.71E-10,,0.4999,0.000991
0.4059,0.0000884,,0.4819,0.000149,,0.4679,0.000163,,0.5209,0.000686,,0.1889,0.0000341,,0.441,0.0000587,,0.5099,0.000247,,0.418,0.000223,,0.449,0.000366,,0.4249,0.000111,,0.12,0.0000303,,0.517,0.000238,,0.522,0.000106,,0.529,0.00037,,0.495,0.0000797,,0.538,0.000852,,0.497,0.000273,,0.454,0.000113,,0.243,0.000146,,0.4728,0.000194,,0.405,0.0000351,,0.481,0.000245,,0.516,0.000135,,0.536,0.000292,,0.517,0.000166,,0.283,0.000138,,0.447,0.000187,,0.36,0.0000378,,0.446,0.000226,,0.471,0.000127,,0.47,0.0000702,,0.563,0.000299,,0.508,0.0000788,,0.49,0.00022,,0.553,0.000314,,0.507,0.000278,,0.494,0.000137,,0.537,0.000559,,0.422,0.0000495,,0.454,0.000106,,0.481,0.000247,,0.516,0.000121,,0.471,0.000137,,0.409,0.0000793,,0.536,0.000266,,0.104,9.82E-10,,0.4929,0.00105
0.3999,0.0000923,,0.475,0.000152,,0.462,0.000168,,0.5139,0.000701,,0.1859,0.0000393,,0.4349,0.0000601,,0.504,0.00025,,0.413,0.000228,,0.443,0.000375,,0.419,0.000115,,0.119,0.0000316,,0.51,0.000243,,0.515,0.00011,,0.522,0.000375,,0.489,0.0000807,,0.531,0.000873,,0.491,0.000279,,0.448,0.000115,,0.24,0.000145,,0.4658,0.000201,,0.4,0.0000367,,0.474,0.00025,,0.509,0.00014,,0.528,0.000299,,0.51,0.000172,,0.28,0.000142,,0.441,0.000193,,0.356,0.0000386,,0.44,0.000235,,0.465,0.00013,,0.464,0.0000723,,0.555,0.000309,,0.501,0.0000809,,0.484,0.000222,,0.546,0.000317,,0.5,0.000284,,0.487,0.000142,,0.53,0.000568,,0.416,0.0000537,,0.448,0.000109,,0.475,0.000249,,0.509,0.000124,,0.465,0.000139,,0.404,0.000082,,0.529,0.000274,,0.103,8.73E-10,,0.4859,0.00108
0.3949,0.0000943,,0.4689,0.000153,,0.4559,0.000172,,0.5069,0.000712,,0.1839,0.0000382,,0.429,0.0000613,,0.4969,0.000256,,0.4069,0.000237,,0.437,0.000383,,0.413,0.000118,,0.117,0.0000342,,0.5029,0.000248,,0.508,0.000114,,0.515,0.00038,,0.482,0.0000852,,0.523,0.000898,,0.484,0.000288,,0.441,0.000118,,0.237,0.000144,,0.4598,0.000209,,0.394,0.0000392,,0.468,0.000253,,0.502,0.000145,,0.521,0.000304,,0.503,0.000176,,0.276,0.000146,,0.435,0.000199,,0.351,0.0000409,,0.434,0.000242,,0.458,0.000135,,0.457,0.0000757,,0.548,0.000314,,0.495,0.0000818,,0.477,0.000226,,0.539,0.000322,,0.493,0.00029,,0.48,0.000147,,0.523,0.000573,,0.41,0.0000577,,0.442,0.000112,,0.468,0.000255,,0.502,0.000128,,0.459,0.000142,,0.398,0.0000863,,0.522,0.000281,,0.101,1.68E-09,,0.4799,0.00111
0.3889,0.0000973,,0.462,0.000162,,0.449,0.000181,,0.4999,0.000723,,0.1809,0.0000431,,0.423,0.0000627,,0.4899,0.000259,,0.4019,0.000241,,0.431,0.00039,,0.4069,0.000121,,0.115,0.0000356,,0.496,0.000253,,0.501,0.000119,,0.508,0.000386,,0.475,0.0000876,,0.516,0.000913,,0.477,0.000297,,0.435,0.00012,,0.234,0.000148,,0.4539,0.000216,,0.389,0.0000404,,0.461,0.000257,,0.496,0.000147,,0.514,0.000306,,0.496,0.000179,,0.272,0.000152,,0.429,0.000203,,0.346,0.0000427,,0.428,0.000247,,0.452,0.000138,,0.451,0.0000768,,0.54,0.000322,,0.488,0.0000842,,0.471,0.000228,,0.531,0.000332,,0.486,0.000296,,0.474,0.000149,,0.515,0.000584,,0.405,0.0000609,,0.436,0.000115,,0.462,0.000259,,0.495,0.000131,,0.452,0.000146,,0.392,0.0000907,,0.515,0.000285,,0.1,1.24E-09,,0.4729,0.00113
0.3839,0.0000998,,0.4559,0.000166,,0.4429,0.000184,,0.4929,0.000729,,0.1789,0.0000447,,0.4169,0.0000632,,0.483,0.000265,,0.396,0.000248,,0.425,0.000398,,0.4019,0.000123,,0.114,0.0000362,,0.4899,0.000254,,0.494,0.000124,,0.501,0.000391,,0.469,0.0000877,,0.509,0.000924,,0.47,0.000304,,0.429,0.000121,,0.23,0.000152,,0.4469,0.000224,,0.383,0.0000425,,0.455,0.000259,,0.489,0.000151,,0.507,0.00031,,0.489,0.000182,,0.268,0.000161,,0.423,0.000208,,0.341,0.0000444,,0.422,0.000253,,0.445,0.000143,,0.445,0.0000782,,0.532,0.000328,,0.481,0.0000856,,0.464,0.000232,,0.524,0.000335,,0.48,0.000301,,0.467,0.000154,,0.508,0.000589,,0.399,0.0000654,,0.43,0.000118,,0.455,0.000264,,0.488,0.000133,,0.446,0.000147,,0.387,0.0000935,,0.507,0.000291,,0.099,1.53E-09,,0.4659,0.00116
0.3779,0.000103,,0.449,0.000167,,0.4369,0.000189,,0.4859,0.00074,,0.1759,0.0000461,,0.411,0.0000639,,0.4759,0.000268,,0.39,0.000252,,0.419,0.000405,,0.396,0.000125,,0.112,0.0000379,,0.483,0.000257,,0.487,0.000127,,0.494,0.000395,,0.462,0.0000896,,0.502,0.000932,,0.464,0.00031,,0.423,0.000123,,0.227,0.000153,,0.4409,0.000228,,0.378,0.0000436,,0.448,0.000262,,0.482,0.000155,,0.499,0.000316,,0.482,0.000185,,0.264,0.000168,,0.417,0.000212,,0.336,0.0000459,,0.416,0.000259,,0.439,0.000146,,0.438,0.0000811,,0.525,0.000331,,0.474,0.0000868,,0.457,0.000234,,0.516,0.000344,,0.473,0.000312,,0.46,0.000156,,0.501,0.000594,,0.393,0.0000699,,0.424,0.00012,,0.449,0.000266,,0.481,0.000135,,0.44,0.000149,,0.381,0.0000983,,0.5,0.000294,,0.097,1.81E-09,,0.4599,0.0012
0.3729,0.000104,,0.4429,0.000167,,0.4299,0.000194,,0.4789,0.000746,,0.1739,0.0000448,,0.405,0.0000645,,0.4689,0.00027,,0.385,0.000255,,0.413,0.000412,,0.39,0.000128,,0.111,0.0000383,,0.476,0.000261,,0.479,0.000133,,0.487,0.000399,,0.455,0.0000908,,0.494,0.000946,,0.457,0.000318,,0.417,0.000124,,0.224,0.000151,,0.4348,0.000233,,0.373,0.000045,,0.442,0.000263,,0.475,0.000158,,0.492,0.000315,,0.475,0.000187,,0.26,0.000179,,0.411,0.000215,,0.331,0.0000475,,0.41,0.000265,,0.433,0.000149,,0.432,0.0000819,,0.517,0.000338,,0.467,0.0000881,,0.451,0.000236,,0.509,0.000345,,0.466,0.000317,,0.454,0.000155,,0.494,0.000601,,0.388,0.0000733,,0.418,0.000124,,0.442,0.000271,,0.474,0.000137,,0.433,0.000153,,0.376,0.000101,,0.493,0.000296,,0.096,1.57E-09,,0.4529,0.00122
0.3669,0.000107,,0.436,0.000173,,0.4239,0.000198,,0.472,0.000757,,0.1709,0.0000467,,0.3989,0.000065,,0.462,0.000272,,0.379,0.00026,,0.4069,0.000417,,0.385,0.000129,,0.109,0.0000411,,0.4689,0.000264,,0.472,0.000135,,0.48,0.000401,,0.449,0.0000905,,0.487,0.000954,,0.45,0.000324,,0.411,0.000126,,0.22,0.000169,,0.4278,0.000241,,0.367,0.0000473,,0.435,0.000266,,0.468,0.000161,,0.485,0.000317,,0.468,0.000188,,0.257,0.000185,,0.405,0.00022,,0.326,0.0000488,,0.404,0.00027,,0.426,0.000152,,0.426,0.0000832,,0.51,0.00034,,0.46,0.0000896,,0.444,0.000238,,0.501,0.000351,,0.459,0.000319,,0.447,0.000158,,0.486,0.000605,,0.382,0.0000779,,0.411,0.000129,,0.436,0.000272,,0.467,0.000139,,0.427,0.000154,,0.37,0.000104,,0.486,0.000299,,0.094,1.81E-09,,0.4459,0.00124
0.3619,0.000108,,0.4299,0.000179,,0.418,0.0002,,0.4649,0.000767,,0.1689,0.0000403,,0.3939,0.0000649,,0.455,0.000273,,0.3729,0.000265,,0.401,0.000423,,0.379,0.000131,,0.107,0.0000437,,0.462,0.000267,,0.465,0.000138,,0.472,0.000405,,0.442,0.0000921,,0.48,0.000961,,0.444,0.000328,,0.405,0.000127,,0.217,0.000171,,0.4218,0.000245,,0.362,0.0000482,,0.429,0.000267,,0.461,0.000164,,0.478,0.000319,,0.461,0.00019,,0.253,0.000195,,0.399,0.000223,,0.321,0.00005,,0.398,0.000276,,0.42,0.000155,,0.419,0.0000857,,0.502,0.000346,,0.453,0.0000912,,0.438,0.000239,,0.494,0.000352,,0.452,0.000323,,0.44,0.00016,,0.479,0.000608,,0.376,0.0000824,,0.405,0.00013,,0.429,0.000276,,0.46,0.000142,,0.421,0.000156,,0.365,0.000106,,0.478,0.000303,,0.093,1.44E-09,,0.4399,0.00126
0.3559,0.000111,,0.423,0.000183,,0.4109,0.000205,,0.4579,0.000775,,0.1659,0.0000444,,0.388,0.000066,,0.449,0.000273,,0.3679,0.000268,,0.395,0.000428,,0.3729,0.000135,,0.106,0.0000443,,0.455,0.000269,,0.458,0.00014,,0.465,0.000406,,0.435,0.0000929,,0.473,0.000969,,0.437,0.000333,,0.399,0.000128,,0.214,0.000184,,0.4148,0.000251,,0.356,0.0000502,,0.422,0.00027,,0.454,0.000166,,0.471,0.000321,,0.454,0.000192,,0.249,0.000206,,0.393,0.000227,,0.317,0.0000505,,0.392,0.000282,,0.414,0.000158,,0.413,0.0000864,,0.494,0.00035,,0.447,0.0000913,,0.431,0.000241,,0.486,0.000357,,0.445,0.000324,,0.434,0.000159,,0.472,0.000613,,0.37,0.0000868,,0.399,0.000132,,0.423,0.000273,,0.453,0.000144,,0.414,0.000159,,0.359,0.000109,,0.471,0.000305,,0.092,1.66E-09,,0.4329,0.00128
0.3509,0.000113,,0.4169,0.000188,,0.405,0.000208,,0.4509,0.000782,,0.1629,0.0000512,,0.382,0.0000669,,0.442,0.000276,,0.362,0.000272,,0.3889,0.000431,,0.367,0.000138,,0.104,0.0000465,,0.448,0.00027,,0.451,0.000143,,0.458,0.000409,,0.429,0.0000924,,0.465,0.000978,,0.43,0.000338,,0.393,0.000129,,0.211,0.000176,,0.4088,0.000254,,0.351,0.000051,,0.416,0.00027,,0.447,0.000169,,0.463,0.000323,,0.447,0.000194,,0.245,0.000207,,0.387,0.00023,,0.312,0.0000522,,0.386,0.000288,,0.407,0.000162,,0.407,0.0000878,,0.487,0.000352,,0.44,0.0000927,,0.424,0.000243,,0.479,0.000357,,0.439,0.000325,,0.427,0.000161,,0.465,0.000615,,0.365,0.0000904,,0.393,0.000132,,0.416,0.000273,,0.446,0.000145,,0.408,0.000159,,0.354,0.00011,,0.464,0.000308,,0.09,1.18E-09,,0.4269,0.0013
0.3449,0.000115,,0.41,0.000188,,0.3989,0.000211,,0.444,0.000785,,0.1609,0.0000527,,0.3759,0.0000674,,0.4349,0.000277,,0.356,0.000275,,0.383,0.000435,,0.362,0.000139,,0.102,0.0000481,,0.441,0.000273,,0.444,0.000145,,0.451,0.000412,,0.422,0.000094,,0.458,0.000981,,0.423,0.000343,,0.386,0.00013,,0.207,0.000199,,0.4029,0.00026,,0.345,0.0000528,,0.409,0.000272,,0.44,0.000171,,0.456,0.000323,,0.44,0.000195,,0.241,0.000215,,0.381,0.000233,,0.307,0.0000535,,0.38,0.000294,,0.401,0.000163,,0.4,0.0000901,,0.479,0.000356,,0.433,0.0000938,,0.418,0.000243,,0.471,0.000362,,0.432,0.000327,,0.42,0.000162,,0.457,0.000617,,0.359,0.0000949,,0.387,0.000133,,0.41,0.000276,,0.439,0.000147,,0.401,0.000162,,0.348,0.000113,,0.457,0.00031,,0.089,1.48E-09,,0.4199,0.00131
0.3399,0.000117,,0.4039,0.00019,,0.392,0.000215,,0.436,0.000793,,0.1579,0.0000545,,0.37,0.0000675,,0.4279,0.000279,,0.351,0.000276,,0.377,0.000438,,0.356,0.000142,,0.101,0.0000485,,0.434,0.000274,,0.437,0.000147,,0.444,0.000416,,0.415,0.0000948,,0.451,0.000984,,0.417,0.000347,,0.38,0.000131,,0.204,0.000198,,0.3958,0.000265,,0.34,0.0000535,,0.403,0.000273,,0.433,0.000174,,0.449,0.000323,,0.433,0.000197,,0.238,0.000223,,0.375,0.000236,,0.302,0.0000546,,0.374,0.000297,,0.395,0.000165,,0.394,0.0000907,,0.472,0.000357,,0.426,0.0000948,,0.411,0.000245,,0.464,0.000362,,0.425,0.000328,,0.414,0.000162,,0.45,0.00062,,0.353,0.0000993,,0.381,0.000135,,0.403,0.000281,,0.432,0.000149,,0.395,0.000162,,0.343,0.000114,,0.45,0.000312,,0.087,1.64E-09,,0.4129,0.00134
0.3339,0.000119,,0.397,0.000194,,0.3859,0.00022,,0.429,0.000798,,0.1559,0.0000521,,0.364,0.0000685,,0.421,0.00028,,0.3449,0.000281,,0.3709,0.000441,,0.3499,0.000143,,0.099,0.000051,,0.427,0.000275,,0.43,0.000149,,0.437,0.000417,,0.409,0.0000945,,0.444,0.000992,,0.41,0.000351,,0.374,0.000131,,0.201,0.000197,,0.3899,0.000269,,0.334,0.0000553,,0.396,0.000275,,0.426,0.000176,,0.442,0.000323,,0.426,0.000198,,0.234,0.000234,,0.369,0.00024,,0.297,0.0000554,,0.368,0.000301,,0.388,0.000169,,0.388,0.0000914,,0.464,0.00036,,0.419,0.000096,,0.404,0.000246,,0.456,0.000365,,0.418,0.000329,,0.407,0.000164,,0.443,0.000625,,0.348,0.000102,,0.375,0.000136,,0.397,0.000282,,0.425,0.00015,,0.389,0.000163,,0.337,0.000116,,0.442,0.000316,,0.086,1.53E-09,,0.4069,0.00133
0.3289,0.000121,,0.3909,0.000195,,0.3799,0.000225,,0.4219,0.000808,,0.1529,0.000057,,0.3579,0.0000684,,0.414,0.000281,,0.3389,0.000284,,0.365,0.000444,,0.344,0.000144,,0.098,0.0000515,,0.42,0.000276,,0.423,0.000151,,0.43,0.000418,,0.402,0.0000958,,0.436,0.001,,0.403,0.000354,,0.368,0.000132,,0.198,0.000195,,0.3838,0.000273,,0.329,0.0000557,,0.39,0.000274,,0.419,0.000179,,0.434,0.000325,,0.419,0.000199,,0.23,0.000236,,0.363,0.000243,,0.292,0.000057,,0.362,0.000306,,0.382,0.000171,,0.381,0.0000933,,0.456,0.000363,,0.412,0.0000968,,0.398,0.000246,,0.449,0.000364,,0.411,0.000332,,0.4,0.000165,,0.436,0.000629,,0.342,0.000107,,0.369,0.000137,,0.39,0.000287,,0.418,0.000152,,0.382,0.000166,,0.332,0.000117,,0.435,0.000317,,0.085,1.48E-09,,0.3999,0.00136
0.3239,0.000121,,0.3839,0.000199,,0.3729,0.000228,,0.4149,0.000811,,0.1509,0.0000569,,0.352,0.0000687,,0.4069,0.000283,,0.3339,0.000286,,0.3579,0.000448,,0.3389,0.000144,,0.096,0.0000527,,0.413,0.000278,,0.416,0.000154,,0.422,0.00042,,0.395,0.0000966,,0.429,0.001,,0.397,0.000356,,0.362,0.000133,,0.194,0.000201,,0.3769,0.00028,,0.323,0.0000577,,0.383,0.000275,,0.412,0.000181,,0.427,0.000326,,0.412,0.0002,,0.226,0.000248,,0.357,0.000247,,0.287,0.0000582,,0.356,0.000311,,0.376,0.000174,,0.375,0.0000935,,0.449,0.000363,,0.405,0.0000977,,0.391,0.000248,,0.442,0.000366,,0.404,0.000333,,0.394,0.000164,,0.428,0.000632,,0.336,0.000111,,0.362,0.000139,,0.384,0.000289,,0.411,0.000153,,0.376,0.000166,,0.326,0.00012,,0.428,0.000319,,0.083,1.05E-09,,0.3929,0.00138
0.3179,0.000124,,0.3779,0.000198,,0.3669,0.000229,,0.408,0.00082,,0.1479,0.0000609,,0.346,0.0000691,,0.4,0.000286,,0.328,0.00029,,0.352,0.000451,,0.333,0.000146,,0.094,0.0000548,,0.406,0.000279,,0.409,0.000155,,0.415,0.000422,,0.388,0.0000974,,0.422,0.001,,0.39,0.00036,,0.356,0.000134,,0.191,0.000211,,0.3708,0.000283,,0.318,0.0000583,,0.377,0.000276,,0.405,0.000183,,0.42,0.000325,,0.405,0.000201,,0.222,0.000254,,0.351,0.000249,,0.283,0.0000592,,0.35,0.000315,,0.369,0.000176,,0.369,0.0000942,,0.441,0.000366,,0.399,0.0000982,,0.385,0.000248,,0.434,0.000368,,0.398,0.000332,,0.387,0.000165,,0.421,0.000634,,0.331,0.000114,,0.356,0.00014,,0.377,0.000293,,0.404,0.000155,,0.37,0.000167,,0.321,0.000121,,0.421,0.000321,,0.082,1.33E-09,,0.3869,0.00138
0.3129,0.000125,,0.3709,0.0002,,0.361,0.000228,,0.4009,0.000842,,0.1459,0.0000585,,0.3399,0.0000695,,0.393,0.000289,,0.323,0.000292,,0.346,0.000453,,0.3269,0.000148,,0.093,0.0000555,,0.399,0.00028,,0.402,0.000157,,0.408,0.000428,,0.382,0.0000971,,0.414,0.00101,,0.383,0.000365,,0.35,0.000135,,0.188,0.000213,,0.3639,0.000289,,0.312,0.0000599,,0.37,0.000278,,0.398,0.000184,,0.413,0.000326,,0.398,0.000202,,0.218,0.000262,,0.345,0.000252,,0.278,0.0000602,,0.344,0.00032,,0.363,0.000177,,0.362,0.0000962,,0.434,0.000367,,0.392,0.0000981,,0.378,0.00025,,0.427,0.000368,,0.391,0.000335,,0.381,0.000165,,0.414,0.000634,,0.325,0.000119,,0.35,0.000141,,0.371,0.000297,,0.398,0.000155,,0.363,0.00017,,0.315,0.000123,,0.413,0.000323,,0.08,8.08E-10,,0.3799,0.00138
0.3069,0.000127,,0.3649,0.000202,,0.3549,0.000231,,0.3939,0.000854,,0.1429,0.0000646,,0.3339,0.0000696,,0.387,0.00029,,0.317,0.000295,,0.3399,0.000456,,0.3219,0.000148,,0.091,0.0000579,,0.392,0.000282,,0.395,0.000159,,0.401,0.000433,,0.375,0.0000983,,0.407,0.00101,,0.377,0.000365,,0.344,0.000135,,0.184,0.000217,,0.3578,0.000292,,0.307,0.0000604,,0.364,0.000278,,0.391,0.000187,,0.406,0.000327,,0.391,0.000202,,0.215,0.000268,,0.339,0.000254,,0.273,0.0000611,,0.338,0.000326,,0.357,0.000179,,0.356,0.0000965,,0.426,0.000368,,0.385,0.0000994,,0.371,0.000251,,0.419,0.000371,,0.384,0.000335,,0.374,0.000165,,0.407,0.000635,,0.319,0.000124,,0.344,0.000142,,0.364,0.000298,,0.391,0.000157,,0.357,0.000169,,0.31,0.000124,,0.406,0.000324,,0.079,1.44E-09,,0.3729,0.0014
0.3019,0.000129,,0.3579,0.000205,,0.3479,0.000234,,0.387,0.00086,,0.141,0.0000668,,0.328,0.0000695,,0.38,0.000291,,0.3109,0.000298,,0.3339,0.000459,,0.3159,0.00015,,0.089,0.0000601,,0.385,0.000283,,0.388,0.00016,,0.394,0.000434,,0.368,0.0000989,,0.4,0.00102,,0.37,0.000369,,0.337,0.000136,,0.181,0.000222,,0.3518,0.000295,,0.301,0.0000621,,0.357,0.00028,,0.384,0.000189,,0.398,0.000327,,0.384,0.000203,,0.211,0.000278,,0.333,0.000257,,0.268,0.0000619,,0.331,0.000331,,0.35,0.000182,,0.35,0.0000972,,0.419,0.00037,,0.378,0.0001,,0.365,0.00025,,0.412,0.000371,,0.377,0.000336,,0.367,0.000166,,0.399,0.000641,,0.314,0.000126,,0.338,0.000143,,0.358,0.000299,,0.384,0.000158,,0.351,0.00017,,0.304,0.000126,,0.399,0.000326,,0.078,1.16E-09,,0.3669,0.00142
0.2959,0.00013,,0.3519,0.000207,,0.3419,0.000238,,0.3799,0.000866,,0.1379,0.0000699,,0.3219,0.0000702,,0.3729,0.000292,,0.3059,0.000299,,0.328,0.000462,,0.31,0.000151,,0.088,0.0000604,,0.378,0.000283,,0.381,0.000162,,0.387,0.000435,,0.362,0.0000982,,0.393,0.00102,,0.363,0.000372,,0.331,0.000136,,0.178,0.000228,,0.3448,0.000299,,0.296,0.0000627,,0.351,0.000279,,0.377,0.00019,,0.391,0.000327,,0.377,0.000205,,0.207,0.000285,,0.327,0.000259,,0.263,0.0000629,,0.325,0.000333,,0.344,0.000183,,0.343,0.0000987,,0.411,0.000375,,0.371,0.000101,,0.358,0.000251,,0.404,0.000374,,0.37,0.000337,,0.361,0.000165,,0.392,0.000645,,0.308,0.00013,,0.332,0.000144,,0.351,0.000302,,0.377,0.000159,,0.344,0.000173,,0.299,0.000126,,0.392,0.000328,,0.076,1.16E-09,,0.3599,0.00141
0.2909,0.00013,,0.3449,0.000208,,0.3359,0.000241,,0.3729,0.000868,,0.1349,0.0000706,,0.3159,0.0000703,,0.366,0.000292,,0.2999,0.000301,,0.3219,0.000466,,0.304,0.000153,,0.086,0.0000623,,0.3709,0.000286,,0.374,0.000163,,0.38,0.000437,,0.355,0.0000994,,0.385,0.00103,,0.356,0.000375,,0.325,0.000137,,0.175,0.000238,,0.3388,0.000302,,0.291,0.0000635,,0.345,0.00028,,0.37,0.000192,,0.384,0.000334,,0.37,0.000206,,0.203,0.000285,,0.321,0.000261,,0.258,0.0000638,,0.319,0.000339,,0.338,0.000186,,0.337,0.0000989,,0.403,0.000377,,0.364,0.000102,,0.352,0.000251,,0.397,0.000373,,0.363,0.000338,,0.354,0.000166,,0.385,0.000646,,0.302,0.000133,,0.326,0.000144,,0.345,0.000302,,0.37,0.00016,,0.338,0.000172,,0.293,0.000128,,0.384,0.000331,,0.075,1.35E-09,,0.3529,0.00143
0.2849,0.000132,,0.3389,0.000209,,0.3289,0.000244,,0.366,0.000871,,0.1329,0.0000672,,0.31,0.0000707,,0.359,0.000293,,0.294,0.000302,,0.3159,0.000468,,0.299,0.000153,,0.085,0.0000631,,0.364,0.000289,,0.367,0.000165,,0.372,0.000438,,0.348,0.0001,,0.378,0.00103,,0.35,0.000377,,0.319,0.000138,,0.171,0.00024,,0.3328,0.000307,,0.285,0.0000651,,0.338,0.000282,,0.363,0.000194,,0.377,0.000338,,0.363,0.000206,,0.199,0.000296,,0.315,0.000262,,0.253,0.0000648,,0.313,0.000343,,0.331,0.000188,,0.331,0.0000997,,0.396,0.000377,,0.358,0.000102,,0.345,0.000253,,0.389,0.000375,,0.357,0.000338,,0.347,0.000166,,0.378,0.000648,,0.297,0.000135,,0.32,0.000145,,0.338,0.000303,,0.363,0.000161,,0.332,0.000173,,0.288,0.000129,,0.377,0.000331,,0.073,1.14E-09,,0.3469,0.00144
0.2799,0.000133,,0.3319,0.000212,,0.3229,0.000246,,0.3589,0.000871,,0.1299,0.0000703,,0.304,0.0000711,,0.3519,0.000293,,0.289,0.000304,,0.31,0.000468,,0.2929,0.000154,,0.083,0.0000646,,0.357,0.00029,,0.36,0.000166,,0.365,0.000436,,0.342,0.0000996,,0.371,0.00103,,0.343,0.00038,,0.313,0.000138,,0.168,0.000243,,0.3258,0.000313,,0.28,0.0000656,,0.332,0.000281,,0.356,0.000195,,0.369,0.00034,,0.356,0.000207,,0.195,0.000298,,0.309,0.000264,,0.249,0.0000649,,0.307,0.000347,,0.325,0.000189,,0.324,0.000101,,0.388,0.000379,,0.351,0.000102,,0.338,0.000254,,0.382,0.000374,,0.35,0.00034,,0.341,0.000165,,0.37,0.00065,,0.291,0.000138,,0.313,0.000147,,0.332,0.000304,,0.356,0.000162,,0.325,0.000176,,0.282,0.000131,,0.37,0.000334,,0.072,1.90E-09,,0.3399,0.00146
0.2739,0.000134,,0.326,0.000212,,0.3169,0.000246,,0.3519,0.000879,,0.1279,0.0000711,,0.2979,0.0000714,,0.3449,0.000293,,0.2829,0.000307,,0.304,0.00047,,0.287,0.000155,,0.081,0.0000667,,0.3499,0.000291,,0.3529,0.000168,,0.3579,0.000437,,0.335,0.000101,,0.364,0.00103,,0.336,0.000381,,0.307,0.000139,,0.165,0.000248,,0.3198,0.000313,,0.274,0.000067,,0.325,0.000283,,0.349,0.000196,,0.362,0.00034,,0.349,0.000208,,0.192,0.000298,,0.303,0.000267,,0.244,0.0000659,,0.301,0.000351,,0.319,0.000192,,0.318,0.000101,,0.381,0.000379,,0.344,0.000103,,0.332,0.000254,,0.374,0.000375,,0.343,0.00034,,0.334,0.000167,,0.363,0.000649,,0.285,0.000141,,0.307,0.000147,,0.325,0.000308,,0.349,0.000163,,0.319,0.000176,,0.277,0.000132,,0.363,0.000335,,0.071,1.51E-09,,0.3329,0.00147
0.2689,0.000135,,0.3189,0.000214,,0.3099,0.000249,,0.3449,0.00088,,0.1249,0.0000747,,0.292,0.0000712,,0.338,0.000294,,0.2769,0.000308,,0.2979,0.000474,,0.281,0.000156,,0.08,0.0000673,,0.343,0.000291,,0.346,0.000169,,0.351,0.000437,,0.328,0.000101,,0.356,0.00104,,0.33,0.000382,,0.301,0.000139,,0.161,0.000258,,0.3128,0.000318,,0.269,0.0000675,,0.319,0.000283,,0.342,0.000198,,0.355,0.000337,,0.342,0.000208,,0.188,0.00031,,0.296,0.000269,,0.239,0.0000662,,0.295,0.000355,,0.312,0.000194,,0.312,0.000102,,0.373,0.00038,,0.337,0.000104,,0.325,0.000255,,0.367,0.000375,,0.336,0.000341,,0.327,0.000167,,0.356,0.000651,,0.28,0.000143,,0.301,0.000148,,0.319,0.000309,,0.342,0.000165,,0.312,0.000178,,0.271,0.000133,,0.355,0.000338,,0.069,1.64E-09,,0.3269,0.00148
0.2629,0.000137,,0.3129,0.000218,,0.3039,0.000253,,0.338,0.000886,,0.123,0.0000766,,0.286,0.0000713,,0.3319,0.000294,,0.2719,0.000309,,0.292,0.000476,,0.276,0.000156,,0.078,0.0000696,,0.336,0.000291,,0.339,0.00017,,0.344,0.000438,,0.322,0.000101,,0.349,0.00104,,0.323,0.000385,,0.295,0.00014,,0.158,0.000262,,0.3068,0.000321,,0.263,0.000069,,0.312,0.000285,,0.335,0.000199,,0.348,0.000336,,0.335,0.000208,,0.184,0.000317,,0.29,0.000271,,0.234,0.0000677,,0.289,0.000358,,0.306,0.000201,,0.305,0.000104,,0.365,0.000381,,0.33,0.000105,,0.319,0.000255,,0.359,0.000377,,0.329,0.000341,,0.321,0.000166,,0.349,0.000652,,0.274,0.000146,,0.295,0.000149,,0.312,0.00031,,0.335,0.000165,,0.306,0.000178,,0.266,0.000134,,0.348,0.000339,,0.068,1.48E-09,,0.3199,0.00149
0.2579,0.000137,,0.3059,0.000224,,0.2979,0.000254,,0.3309,0.000889,,0.1199,0.0000783,,0.281,0.0000712,,0.325,0.000296,,0.2659,0.00031,,0.286,0.000476,,0.2699,0.000157,,0.076,0.0000711,,0.329,0.000291,,0.3319,0.000172,,0.337,0.000437,,0.315,0.000102,,0.342,0.00104,,0.316,0.000387,,0.289,0.00014,,0.155,0.000272,,0.3008,0.000324,,0.258,0.0000695,,0.306,0.000283,,0.328,0.000201,,0.341,0.000336,,0.328,0.000208,,0.18,0.00032,,0.284,0.000272,,0.229,0.0000688,,0.283,0.000363,,0.299,0.000207,,0.299,0.000104,,0.358,0.00038,,0.323,0.000106,,0.312,0.000256,,0.352,0.000376,,0.322,0.000342,,0.314,0.000167,,0.341,0.000656,,0.268,0.000148,,0.289,0.000149,,0.306,0.00031,,0.328,0.000166,,0.3,0.000178,,0.26,0.000136,,0.341,0.000341,,0.066,1.66E-09,,0.3139,0.00148
0.2519,0.000139,,0.2999,0.000226,,0.2909,0.000256,,0.3239,0.000889,,0.1179,0.0000788,,0.2749,0.0000714,,0.318,0.000297,,0.26,0.000312,,0.2799,0.000479,,0.2639,0.000158,,0.075,0.0000711,,0.3219,0.000291,,0.325,0.000173,,0.33,0.000437,,0.308,0.000102,,0.335,0.00105,,0.31,0.000387,,0.282,0.000141,,0.152,0.000274,,0.2938,0.000325,,0.2519,0.0000712,,0.299,0.000284,,0.321,0.000203,,0.333,0.000337,,0.322,0.000207,,0.176,0.000332,,0.278,0.000274,,0.224,0.0000696,,0.277,0.000366,,0.293,0.000209,,0.293,0.000104,,0.35,0.000382,,0.316,0.000105,,0.305,0.000256,,0.344,0.000378,,0.316,0.000341,,0.307,0.000167,,0.334,0.000658,,0.262,0.000151,,0.283,0.00015,,0.299,0.000312,,0.321,0.000167,,0.293,0.000183,,0.255,0.000136,,0.334,0.000342,,0.065,1.64E-09,,0.3069,0.00149
0.2469,0.000138,,0.2929,0.000228,,0.2849,0.000257,,0.317,0.00089,,0.1149,0.0000815,,0.2689,0.0000722,,0.3109,0.000297,,0.255,0.000314,,0.274,0.000483,,0.2589,0.000159,,0.073,0.0000732,,0.315,0.000291,,0.318,0.000174,,0.3219,0.000438,,0.302,0.000102,,0.327,0.00105,,0.303,0.00039,,0.276,0.000142,,0.148,0.00028,,0.2878,0.000331,,0.2469,0.0000716,,0.293,0.000285,,0.314,0.000204,,0.326,0.000336,,0.315,0.000208,,0.173,0.00034,,0.272,0.000278,,0.219,0.00007,,0.271,0.000371,,0.287,0.000211,,0.286,0.000106,,0.343,0.000382,,0.31,0.000106,,0.299,0.000256,,0.337,0.000378,,0.309,0.000343,,0.301,0.000167,,0.327,0.000656,,0.257,0.000151,,0.277,0.000151,,0.293,0.000313,,0.314,0.000166,,0.287,0.000184,,0.249,0.000138,,0.327,0.000343,,0.064,1.48E-09,,0.2999,0.00151
0.2419,0.000139,,0.2869,0.000228,,0.2789,0.000257,,0.3099,0.000892,,0.1129,0.0000884,,0.263,0.0000722,,0.304,0.000296,,0.2489,0.000316,,0.268,0.000486,,0.253,0.00016,,0.072,0.0000739,,0.308,0.000292,,0.311,0.000176,,0.315,0.000439,,0.295,0.000103,,0.32,0.00105,,0.2959,0.000392,,0.2699,0.000142,,0.145,0.000279,,0.2818,0.000335,,0.241,0.000073,,0.286,0.000285,,0.308,0.000203,,0.319,0.000335,,0.308,0.00021,,0.169,0.000349,,0.266,0.000281,,0.215,0.0000699,,0.265,0.000375,,0.28,0.000213,,0.28,0.000106,,0.335,0.000384,,0.303,0.000106,,0.292,0.000257,,0.33,0.000388,,0.302,0.000343,,0.294,0.000167,,0.32,0.000658,,0.251,0.000153,,0.27,0.000151,,0.287,0.000315,,0.307,0.000166,,0.281,0.000184,,0.244,0.000138,,0.319,0.000345,,0.062,1.64E-09,,0.2939,0.00152
0.2359,0.000141,,0.2799,0.000231,,0.2719,0.000259,,0.3029,0.000897,,0.1099,0.000092,,0.2569,0.0000724,,0.297,0.000296,,0.2439,0.000317,,0.2619,0.000489,,0.2469,0.000161,,0.07,0.0000762,,0.3009,0.000293,,0.304,0.000177,,0.308,0.000439,,0.288,0.000103,,0.313,0.00105,,0.289,0.000393,,0.264,0.000142,,0.142,0.000286,,0.2748,0.00034,,0.236,0.0000735,,0.28,0.000285,,0.301,0.000206,,0.312,0.000333,,0.301,0.000211,,0.165,0.000353,,0.26,0.000282,,0.21,0.0000708,,0.259,0.000377,,0.274,0.000214,,0.274,0.000106,,0.327,0.000385,,0.296,0.000107,,0.285,0.000257,,0.322,0.000392,,0.295,0.000344,,0.287,0.000167,,0.313,0.000657,,0.245,0.000154,,0.264,0.000152,,0.28,0.000316,,0.3,0.000167,,0.274,0.000186,,0.238,0.00014,,0.312,0.000345,,0.061,1.35E-09,,0.2869,0.00153
0.2309,0.000142,,0.2739,0.000233,,0.2659,0.000258,,0.2959,0.000899,,0.1069,0.0000933,,0.2509,0.0000723,,0.2899,0.000296,,0.2379,0.000318,,0.255,0.00049,,0.2409,0.000162,,0.068,0.0000784,,0.294,0.000292,,0.297,0.000178,,0.301,0.000439,,0.282,0.000103,,0.306,0.00105,,0.283,0.000394,,0.258,0.000142,,0.138,0.000293,,0.2688,0.00034,,0.23,0.0000751,,0.273,0.000286,,0.294,0.000207,,0.304,0.000335,,0.294,0.000212,,0.161,0.000355,,0.254,0.000284,,0.205,0.0000718,,0.253,0.00038,,0.268,0.000214,,0.267,0.000108,,0.32,0.000384,,0.289,0.000107,,0.279,0.000256,,0.315,0.000393,,0.288,0.000344,,0.281,0.000167,,0.305,0.00066,,0.24,0.000155,,0.258,0.000153,,0.274,0.000317,,0.293,0.000168,,0.268,0.000185,,0.233,0.00014,,0.305,0.000346,,0.059,1.70E-09,,0.2799,0.00154
0.2249,0.000144,,0.2669,0.000235,,0.2599,0.000259,,0.2889,0.000894,,0.1049,0.0000939,,0.245,0.0000719,,0.2829,0.000298,,0.232,0.000319,,0.2489,0.000494,,0.2359,0.000161,,0.067,0.000079,,0.287,0.000294,,0.29,0.000179,,0.294,0.000439,,0.275,0.000104,,0.298,0.00106,,0.276,0.000396,,0.2519,0.000143,,0.135,0.000295,,0.2618,0.000343,,0.225,0.0000755,,0.267,0.000286,,0.287,0.000208,,0.297,0.000334,,0.287,0.000212,,0.157,0.000364,,0.248,0.000285,,0.2,0.0000723,,0.247,0.000383,,0.261,0.000216,,0.261,0.000108,,0.312,0.000386,,0.282,0.000108,,0.272,0.000257,,0.307,0.000392,,0.281,0.000345,,0.274,0.000167,,0.298,0.000657,,0.234,0.000156,,0.252,0.000154,,0.267,0.000318,,0.286,0.000169,,0.262,0.000185,,0.227,0.000142,,0.298,0.000348,,0.058,1.27E-09,,0.2739,0.00155
0.2199,0.000143,,0.2609,0.000236,,0.2539,0.00026,,0.2819,0.000895,,0.1019,0.0001,,0.2389,0.0000727,,0.276,0.000299,,0.227,0.00032,,0.243,0.000493,,0.2299,0.000163,,0.065,0.0000812,,0.2799,0.000293,,0.2829,0.00018,,0.287,0.000442,,0.268,0.000104,,0.291,0.00106,,0.269,0.000398,,0.246,0.000143,,0.132,0.000292,,0.2558,0.000347,,0.219,0.0000771,,0.26,0.000286,,0.28,0.000209,,0.29,0.000333,,0.28,0.000212,,0.153,0.00037,,0.242,0.000286,,0.195,0.0000727,,0.241,0.000387,,0.255,0.000215,,0.255,0.000108,,0.305,0.000385,,0.275,0.000108,,0.266,0.000257,,0.3,0.000391,,0.275,0.000344,,0.267,0.000168,,0.291,0.000659,,0.228,0.000156,,0.246,0.000154,,0.261,0.000318,,0.279,0.000169,,0.255,0.000187,,0.222,0.000142,,0.29,0.000348,,0.056,9.82E-10,,0.2669,0.00157
0.2139,0.000144,,0.2539,0.000236,,0.2469,0.000261,,0.2749,0.000896,,0.0999,0.0001,,0.2329,0.0000734,,0.2699,0.000298,,0.2209,0.000322,,0.237,0.000496,,0.224,0.000164,,0.064,0.000082,,0.273,0.000293,,0.2749,0.000182,,0.28,0.000442,,0.262,0.000104,,0.284,0.00106,,0.263,0.000398,,0.24,0.000143,,0.129,0.000295,,0.2498,0.000353,,0.214,0.0000775,,0.254,0.000285,,0.273,0.00021,,0.283,0.000332,,0.273,0.000213,,0.15,0.000373,,0.236,0.000287,,0.19,0.0000731,,0.235,0.000391,,0.249,0.000217,,0.248,0.00011,,0.297,0.000386,,0.268,0.000108,,0.259,0.000258,,0.292,0.000392,,0.268,0.000345,,0.261,0.000167,,0.284,0.000661,,0.223,0.000156,,0.24,0.000154,,0.254,0.000319,,0.272,0.00017,,0.249,0.000186,,0.216,0.000144,,0.283,0.000349,,0.055,-1.33E-09,,0.2599,0.00158
0.2089,0.000144,,0.2479,0.00024,,0.2409,0.000261,,0.2679,0.000902,,0.0969,0.000102,,0.227,0.0000736,,0.263,0.000298,,0.2149,0.000324,,0.2309,0.000497,,0.2179,0.000165,,0.062,0.0000837,,0.266,0.000293,,0.268,0.000183,,0.272,0.000443,,0.255,0.000105,,0.277,0.00105,,0.256,0.0004,,0.233,0.000144,,0.125,0.000302,,0.2428,0.000357,,0.209,0.0000783,,0.2469,0.000285,,0.266,0.000212,,0.276,0.000332,,0.266,0.000213,,0.146,0.000379,,0.23,0.000288,,0.185,0.0000734,,0.229,0.000393,,0.242,0.000218,,0.242,0.00011,,0.29,0.000386,,0.262,0.000108,,0.252,0.000258,,0.285,0.00039,,0.261,0.000345,,0.254,0.000169,,0.276,0.000662,,0.217,0.000158,,0.234,0.000154,,0.248,0.00032,,0.265,0.000171,,0.243,0.000186,,0.21,0.000145,,0.276,0.00035,,0.054,-4.54E-09,,0.2539,0.00158
0.2029,0.000145,,0.2409,0.000243,,0.2349,0.000262,,0.2609,0.000901,,0.0949,0.000106,,0.2209,0.0000737,,0.2559,0.000297,,0.2099,0.000324,,0.2249,0.000498,,0.2129,0.000165,,0.06,0.0000853,,0.2589,0.000296,,0.261,0.000184,,0.2649,0.000443,,0.248,0.000105,,0.269,0.00106,,0.249,0.0004,,0.227,0.000144,,0.122,0.000309,,0.2368,0.000359,,0.2029,0.00008,,0.241,0.000285,,0.259,0.000213,,0.268,0.000333,,0.259,0.000213,,0.142,0.000388,,0.224,0.00029,,0.181,0.0000735,,0.223,0.000396,,0.236,0.000218,,0.236,0.000111,,0.282,0.000388,,0.255,0.000109,,0.246,0.000257,,0.277,0.00039,,0.254,0.000346,,0.2469,0.000169,,0.269,0.00066,,0.211,0.000159,,0.228,0.000155,,0.241,0.000321,,0.258,0.000172,,0.236,0.000188,,0.205,0.000145,,0.269,0.000352,,0.052,-5.92E-09,,0.2469,0.0016
0.1979,0.000145,,0.2349,0.000248,,0.2279,0.000265,,0.2539,0.000903,,0.0919,0.00011,,0.2149,0.0000734,,0.2489,0.000297,,0.2039,0.000325,,0.219,0.0005,,0.2069,0.000165,,0.059,0.0000864,,0.2519,0.000296,,0.2539,0.000185,,0.258,0.000443,,0.242,0.000104,,0.262,0.00106,,0.242,0.000401,,0.2209,0.000145,,0.119,0.000316,,0.2308,0.000361,,0.198,0.0000804,,0.2339,0.000285,,0.252,0.000214,,0.261,0.000332,,0.252,0.000213,,0.138,0.000394,,0.218,0.000291,,0.176,0.0000744,,0.217,0.000399,,0.23,0.000219,,0.229,0.000112,,0.274,0.000389,,0.248,0.00011,,0.239,0.000258,,0.27,0.000388,,0.247,0.000347,,0.241,0.000168,,0.262,0.000664,,0.206,0.000159,,0.221,0.000157,,0.235,0.000319,,0.251,0.000173,,0.23,0.000187,,0.199,0.000147,,0.261,0.000355,,0.051,-1.11E-08,,0.2399,0.00161
0.1919,0.000146,,0.2279,0.000247,,0.2219,0.000266,,0.2469,0.000906,,0.0899,0.000111,,0.209,0.0000735,,0.242,0.000298,,0.198,0.000327,,0.2129,0.000503,,0.201,0.000166,,0.057,0.0000881,,0.245,0.000297,,0.2469,0.000186,,0.251,0.000443,,0.235,0.000105,,0.255,0.00106,,0.236,0.000402,,0.215,0.000147,,0.115,0.000317,,0.2238,0.000365,,0.192,0.0000819,,0.228,0.000286,,0.245,0.000215,,0.254,0.000332,,0.245,0.000213,,0.134,0.000402,,0.212,0.000293,,0.171,0.0000749,,0.211,0.000402,,0.223,0.000221,,0.223,0.000113,,0.267,0.000387,,0.241,0.00011,,0.233,0.000259,,0.262,0.000388,,0.24,0.000347,,0.234,0.000169,,0.255,0.000664,,0.2,0.00016,,0.215,0.000157,,0.228,0.000321,,0.245,0.000172,,0.224,0.000188,,0.194,0.000147,,0.254,0.000362,,0.049,-9.17E-10,,0.2339,0.00161
0.1869,0.000147,,0.2219,0.000248,,0.2159,0.000267,,0.2399,0.000907,,0.0869,0.000113,,0.2029,0.0000732,,0.235,0.000299,,0.193,0.000328,,0.2069,0.000505,,0.196,0.000166,,0.055,0.0000895,,0.2379,0.000298,,0.24,0.000186,,0.2439,0.000443,,0.228,0.000105,,0.248,0.00106,,0.229,0.000404,,0.209,0.000147,,0.112,0.000318,,0.2178,0.000368,,0.187,0.0000825,,0.2209,0.000287,,0.238,0.000216,,0.2469,0.000333,,0.238,0.000213,,0.131,0.000403,,0.206,0.000293,,0.166,0.0000753,,0.205,0.000407,,0.217,0.000221,,0.217,0.000113,,0.259,0.000389,,0.234,0.00011,,0.226,0.00026,,0.255,0.000387,,0.234,0.000347,,0.227,0.000169,,0.247,0.000666,,0.194,0.000159,,0.209,0.000157,,0.222,0.00032,,0.238,0.000174,,0.217,0.00019,,0.188,0.000149,,0.247,0.000367,,0.048,1.44E-09,,0.2269,0.0016
0.1809,0.000148,,0.2149,0.000247,,0.2089,0.000268,,0.2329,0.00091,,0.0839,0.000115,,0.1969,0.0000739,,0.2279,0.000299,,0.1869,0.00033,,0.201,0.000507,,0.1899,0.000167,,0.054,0.0000901,,0.2309,0.0003,,0.233,0.000187,,0.237,0.000443,,0.221,0.000106,,0.24,0.00106,,0.222,0.000405,,0.2029,0.000148,,0.109,0.000318,,0.2108,0.000373,,0.181,0.0000843,,0.215,0.000287,,0.231,0.000218,,0.239,0.000334,,0.231,0.000213,,0.127,0.000411,,0.2,0.000294,,0.161,0.0000756,,0.199,0.000412,,0.211,0.000223,,0.21,0.000115,,0.252,0.000388,,0.227,0.00011,,0.219,0.00026,,0.247,0.000392,,0.227,0.000348,,0.221,0.000168,,0.24,0.000666,,0.189,0.00016,,0.203,0.000158,,0.215,0.00032,,0.231,0.000174,,0.211,0.000188,,0.183,0.000149,,0.24,0.000371,,0.047,3.34E-09,,0.2199,0.00161
0.1759,0.000148,,0.2089,0.00025,,0.2029,0.000268,,0.2259,0.000912,,0.0819,0.000114,,0.191,0.0000741,,0.2209,0.000298,,0.181,0.000331,,0.1949,0.000508,,0.1839,0.000168,,0.052,0.000092,,0.224,0.0003,,0.2259,0.000188,,0.23,0.000442,,0.215,0.000106,,0.233,0.00106,,0.216,0.000405,,0.197,0.000149,,0.106,0.00032,,0.2048,0.000377,,0.176,0.0000847,,0.2079,0.000289,,0.224,0.000219,,0.232,0.000332,,0.224,0.000213,,0.123,0.00042,,0.194,0.000296,,0.156,0.000076,,0.193,0.000414,,0.204,0.000224,,0.204,0.000115,,0.244,0.000389,,0.22,0.000111,,0.213,0.000259,,0.24,0.000394,,0.22,0.000348,,0.214,0.000169,,0.233,0.000665,,0.183,0.000161,,0.197,0.000158,,0.209,0.000327,,0.224,0.000176,,0.204,0.000191,,0.177,0.000151,,0.233,0.000375,,0.045,5.92E-09,,0.2139,0.00162
0.1699,0.00015,,0.2019,0.000252,,0.1969,0.00027,,0.2189,0.000911,,0.0789,0.000114,,0.185,0.0000746,,0.214,0.000297,,0.1759,0.000332,,0.189,0.000508,,0.178,0.000168,,0.051,0.0000927,,0.217,0.000302,,0.219,0.00019,,0.222,0.000444,,0.208,0.000107,,0.226,0.00106,,0.209,0.000407,,0.191,0.00015,,0.102,0.000328,,0.1988,0.00038,,0.17,0.0000865,,0.202,0.000288,,0.217,0.000219,,0.225,0.000332,,0.217,0.000213,,0.119,0.000424,,0.188,0.000297,,0.151,0.0000763,,0.187,0.000418,,0.198,0.000224,,0.197,0.000116,,0.236,0.00039,,0.214,0.000111,,0.206,0.000259,,0.233,0.000397,,0.213,0.00035,,0.207,0.000169,,0.226,0.000665,,0.177,0.000161,,0.191,0.000159,,0.202,0.000332,,0.217,0.000176,,0.198,0.000189,,0.172,0.000151,,0.225,0.000378,,0.044,1.14E-08,,0.2069,0.00163
0.1649,0.000149,,0.1959,0.000252,,0.1899,0.000274,,0.2119,0.000907,,0.0769,0.000115,,0.1789,0.0000749,,0.2079,0.000297,,0.17,0.000334,,0.183,0.000509,,0.173,0.000168,,0.049,0.0000944,,0.2099,0.000302,,0.212,0.000192,,0.215,0.000443,,0.201,0.000107,,0.219,0.00107,,0.202,0.000407,,0.185,0.00015,,0.099,0.000331,,0.1918,0.000382,,0.165,0.000087,,0.195,0.000289,,0.21,0.00022,,0.218,0.000331,,0.21,0.000213,,0.115,0.000428,,0.182,0.000298,,0.147,0.0000758,,0.181,0.000421,,0.192,0.000226,,0.191,0.000116,,0.229,0.000389,,0.207,0.000111,,0.199,0.00026,,0.225,0.000399,,0.206,0.000351,,0.201,0.000168,,0.218,0.000668,,0.171,0.000162,,0.185,0.000159,,0.196,0.000333,,0.21,0.000177,,0.192,0.000191,,0.166,0.000152,,0.218,0.000378,,0.042,1.83E-09,,0.2009,0.00164
0.1589,0.00015,,0.1889,0.000253,,0.1839,0.000272,,0.2049,0.000907,,0.0739,0.000117,,0.173,0.0000749,,0.201,0.000297,,0.165,0.000334,,0.1769,0.000511,,0.167,0.000168,,0.047,0.000096,,0.2029,0.000302,,0.2049,0.000193,,0.2079,0.000443,,0.195,0.000107,,0.211,0.00107,,0.196,0.000407,,0.178,0.00015,,0.096,0.00033,,0.1858,0.000385,,0.159,0.0000891,,0.189,0.000289,,0.203,0.000222,,0.211,0.00033,,0.203,0.000212,,0.111,0.000433,,0.176,0.000299,,0.142,0.0000772,,0.175,0.000423,,0.185,0.000227,,0.185,0.000117,,0.221,0.000391,,0.2,0.000111,,0.193,0.000259,,0.218,0.000398,,0.199,0.000351,,0.194,0.000168,,0.211,0.000667,,0.166,0.000161,,0.179,0.000159,,0.189,0.000333,,0.203,0.000177,,0.185,0.000192,,0.161,0.000152,,0.211,0.000378,,0.041,1.62E-09,,0.1939,0.00165
0.1539,0.00015,,0.183,0.000255,,0.1779,0.000269,,0.198,0.000907,,0.0719,0.000119,,0.168,0.0000749,,0.1939,0.000297,,0.1589,0.000335,,0.171,0.000514,,0.1609,0.000168,,0.046,0.0000967,,0.196,0.000303,,0.198,0.000195,,0.201,0.000443,,0.188,0.000108,,0.204,0.00107,,0.189,0.00041,,0.1719,0.00015,,0.092,0.000338,,0.1799,0.000389,,0.154,0.0000898,,0.183,0.000289,,0.196,0.000223,,0.2029,0.00033,,0.196,0.000213,,0.108,0.000437,,0.17,0.000299,,0.137,0.000078,,0.169,0.000429,,0.179,0.000227,,0.178,0.000119,,0.214,0.000391,,0.193,0.000111,,0.186,0.00026,,0.21,0.000398,,0.193,0.00035,,0.187,0.000169,,0.204,0.000668,,0.16,0.000161,,0.172,0.00016,,0.183,0.00033,,0.196,0.000177,,0.179,0.000192,,0.155,0.000154,,0.204,0.000378,,0.04,2.88E-09,,0.1869,0.00166
0.1489,0.00015,,0.1759,0.000258,,0.1709,0.000272,,0.1909,0.00091,,0.0689,0.000122,,0.162,0.0000747,,0.1869,0.000298,,0.1529,0.000336,,0.165,0.000513,,0.1559,0.000168,,0.044,0.0000982,,0.189,0.000302,,0.191,0.000196,,0.194,0.000444,,0.181,0.000108,,0.197,0.00107,,0.182,0.000411,,0.166,0.000149,,0.089,0.000335,,0.1728,0.000393,,0.148,0.0000924,,0.176,0.00029,,0.189,0.000223,,0.196,0.000329,,0.189,0.000212,,0.104,0.000443,,0.164,0.0003,,0.132,0.0000787,,0.163,0.000432,,0.172,0.000228,,0.172,0.000119,,0.206,0.000391,,0.186,0.000112,,0.18,0.000259,,0.203,0.000395,,0.186,0.00035,,0.181,0.000168,,0.197,0.000669,,0.154,0.000162,,0.166,0.00016,,0.176,0.000332,,0.189,0.000178,,0.173,0.000193,,0.15,0.000154,,0.196,0.000378,,0.038,4.28E-09,,0.1809,0.00166
0.1429,0.000151,,0.17,0.000258,,0.1649,0.000271,,0.1839,0.000915,,0.0669,0.000122,,0.1559,0.0000751,,0.18,0.000297,,0.1479,0.000339,,0.1589,0.000513,,0.15,0.000169,,0.042,0.0001,,0.183,0.000301,,0.184,0.000196,,0.187,0.000444,,0.175,0.000107,,0.19,0.00107,,0.175,0.000413,,0.16,0.00015,,0.086,0.000343,,0.1669,0.000395,,0.143,0.0000936,,0.17,0.000289,,0.182,0.000225,,0.189,0.000334,,0.182,0.000212,,0.1,0.000453,,0.158,0.0003,,0.127,0.0000801,,0.157,0.000436,,0.166,0.000227,,0.166,0.000119,,0.198,0.000392,,0.179,0.000112,,0.173,0.00026,,0.195,0.000395,,0.179,0.00035,,0.174,0.000168,,0.189,0.000676,,0.149,0.000162,,0.16,0.000161,,0.17,0.000334,,0.182,0.000179,,0.166,0.000195,,0.144,0.000156,,0.189,0.000378,,0.037,3.80E-09,,0.1739,0.00166
0.1379,0.000152,,0.1629,0.000261,,0.1589,0.000272,,0.1769,0.000918,,0.0639,0.000123,,0.15,0.000076,,0.173,0.000298,,0.142,0.000341,,0.152,0.000513,,0.144,0.00017,,0.041,0.000101,,0.176,0.0003,,0.1769,0.000197,,0.18,0.000444,,0.168,0.000109,,0.182,0.00107,,0.169,0.000412,,0.154,0.00015,,0.083,0.000348,,0.1598,0.000397,,0.138,0.0000953,,0.163,0.00029,,0.175,0.000226,,0.182,0.000338,,0.175,0.000212,,0.096,0.000454,,0.152,0.000301,,0.122,0.0000808,,0.151,0.00044,,0.16,0.000228,,0.159,0.000121,,0.191,0.000392,,0.172,0.000112,,0.166,0.000261,,0.188,0.000394,,0.172,0.000352,,0.167,0.00017,,0.182,0.000675,,0.143,0.000162,,0.154,0.000161,,0.163,0.000336,,0.175,0.00018,,0.16,0.000194,,0.139,0.000156,,0.182,0.000377,,0.035,0.000000001,,0.1669,0.00168
0.1319,0.000152,,0.157,0.00026,,0.1529,0.000273,,0.17,0.000917,,0.0619,0.000124,,0.144,0.000076,,0.1659,0.000298,,0.136,0.000342,,0.1459,0.000515,,0.1379,0.000171,,0.039,0.000103,,0.1689,0.000299,,0.17,0.000198,,0.173,0.000445,,0.161,0.000112,,0.175,0.00107,,0.162,0.000412,,0.148,0.00015,,0.079,0.000353,,0.1539,0.0004,,0.132,0.0000983,,0.157,0.000291,,0.168,0.000227,,0.174,0.000338,,0.168,0.000212,,0.092,0.000467,,0.146,0.000302,,0.117,0.0000814,,0.145,0.000442,,0.153,0.000229,,0.153,0.000121,,0.183,0.000393,,0.166,0.000112,,0.16,0.000259,,0.18,0.000395,,0.165,0.000352,,0.161,0.00017,,0.175,0.000675,,0.137,0.000163,,0.148,0.000161,,0.157,0.000336,,0.168,0.000179,,0.154,0.000195,,0.133,0.000158,,0.175,0.000377,,0.034,1.57E-09,,0.1609,0.00169
0.1269,0.000153,,0.1499,0.000262,,0.1459,0.000274,,0.1629,0.000918,,0.0589,0.000127,,0.1379,0.000076,,0.1589,0.000297,,0.131,0.000342,,0.1399,0.000516,,0.1329,0.000171,,0.038,0.000104,,0.162,0.000299,,0.163,0.000198,,0.165,0.000446,,0.155,0.000113,,0.168,0.00108,,0.155,0.000414,,0.142,0.00015,,0.076,0.000354,,0.1478,0.000402,,0.127,0.0001,,0.15,0.000292,,0.161,0.000229,,0.167,0.000336,,0.161,0.000212,,0.089,0.000473,,0.14,0.000305,,0.113,0.0000811,,0.139,0.000445,,0.147,0.000229,,0.147,0.000122,,0.176,0.000392,,0.159,0.000112,,0.153,0.00026,,0.173,0.000393,,0.158,0.000351,,0.154,0.00017,,0.168,0.000677,,0.132,0.000162,,0.142,0.000161,,0.15,0.000335,,0.161,0.00018,,0.147,0.000196,,0.128,0.000158,,0.167,0.000378,,0.033,1.14E-09,,0.1539,0.00168
0.1209,0.000153,,0.144,0.000262,,0.1399,0.000276,,0.1559,0.000919,,0.0559,0.000129,,0.132,0.0000763,,0.1529,0.000296,,0.1249,0.000343,,0.134,0.000519,,0.1269,0.000171,,0.036,0.000106,,0.155,0.000298,,0.156,0.000199,,0.158,0.000446,,0.148,0.000115,,0.161,0.00108,,0.149,0.000415,,0.136,0.00015,,0.073,0.000355,,0.1409,0.000404,,0.121,0.000104,,0.144,0.000292,,0.154,0.000229,,0.16,0.000336,,0.154,0.000211,,0.085,0.000476,,0.134,0.000307,,0.108,0.0000817,,0.133,0.000447,,0.141,0.00023,,0.14,0.000123,,0.168,0.000394,,0.152,0.000113,,0.147,0.000259,,0.165,0.000394,,0.151,0.000351,,0.148,0.00017,,0.16,0.00068,,0.126,0.000163,,0.136,0.000162,,0.144,0.000335,,0.154,0.000181,,0.141,0.000195,,0.122,0.000159,,0.16,0.000377,,0.031,5.68E-10,,0.1469,0.00169
0.1159,0.000152,,0.1369,0.000266,,0.1339,0.000283,,0.149,0.000919,,0.0539,0.00013,,0.126,0.0000766,,0.1459,0.000297,,0.1189,0.000345,,0.1279,0.000519,,0.121,0.000172,,0.034,0.000109,,0.1479,0.000297,,0.149,0.000201,,0.151,0.000446,,0.141,0.000115,,0.153,0.00108,,0.142,0.000417,,0.129,0.00015,,0.069,0.000359,,0.1348,0.000409,,0.116,0.000105,,0.137,0.000292,,0.147,0.00023,,0.153,0.000336,,0.147,0.000211,,0.081,0.000482,,0.128,0.000308,,0.103,0.000082,,0.127,0.00045,,0.134,0.000231,,0.134,0.000124,,0.161,0.000393,,0.145,0.000117,,0.14,0.00026,,0.158,0.000392,,0.145,0.000351,,0.141,0.00017,,0.153,0.000679,,0.12,0.000164,,0.13,0.000162,,0.137,0.000338,,0.147,0.000182,,0.135,0.000195,,0.117,0.00016,,0.153,0.000379,,0.03,-1.09E-10,,0.1409,0.0017
0.1099,0.000152,,0.131,0.000269,,0.1269,0.000289,,0.1419,0.000918,,0.0509,0.000129,,0.1199,0.0000769,,0.139,0.000297,,0.1139,0.000344,,0.1219,0.000518,,0.1149,0.000172,,0.033,0.00011,,0.141,0.000297,,0.142,0.000203,,0.144,0.000447,,0.135,0.000115,,0.146,0.00108,,0.135,0.000417,,0.123,0.00015,,0.066,0.000356,,0.1288,0.000412,,0.11,0.000109,,0.131,0.000291,,0.14,0.000231,,0.146,0.000335,,0.14,0.000211,,0.077,0.000489,,0.122,0.000309,,0.098,0.0000825,,0.121,0.000457,,0.128,0.00023,,0.128,0.000125,,0.153,0.000395,,0.138,0.000119,,0.133,0.00026,,0.15,0.000392,,0.138,0.000351,,0.134,0.000171,,0.146,0.000678,,0.115,0.000163,,0.123,0.000164,,0.131,0.000349,,0.14,0.000183,,0.128,0.000197,,0.111,0.000161,,0.146,0.000378,,0.028,-9.17E-10,,0.1339,0.00171
0.1049,0.000152,,0.1239,0.000269,,0.1209,0.000288,,0.1349,0.000923,,0.0489,0.00013,,0.114,0.0000769,,0.132,0.000296,,0.108,0.000345,,0.116,0.000519,,0.11,0.000171,,0.031,0.000113,,0.134,0.000298,,0.135,0.000203,,0.137,0.000447,,0.128,0.000115,,0.139,0.00109,,0.1279,0.000417,,0.117,0.00015,,0.063,0.000363,,0.1218,0.000415,,0.105,0.000112,,0.124,0.000292,,0.133,0.000233,,0.138,0.000334,,0.133,0.000211,,0.073,0.000492,,0.116,0.000313,,0.093,0.0000826,,0.115,0.000463,,0.122,0.000231,,0.121,0.000127,,0.145,0.000395,,0.131,0.000119,,0.127,0.00026,,0.143,0.00039,,0.131,0.000352,,0.128,0.00017,,0.139,0.000675,,0.109,0.000163,,0.117,0.000164,,0.124,0.000354,,0.133,0.000183,,0.122,0.000196,,0.106,0.000161,,0.139,0.000378,,0.027,-3.06E-10,,0.1269,0.0017
0.0989,0.000154,,0.118,0.000269,,0.1149,0.000291,,0.1279,0.000925,,0.0459,0.000131,,0.108,0.0000768,,0.1249,0.000297,,0.1019,0.000346,,0.11,0.000518,,0.1039,0.000174,,0.029,0.000115,,0.127,0.000298,,0.1279,0.000204,,0.13,0.000446,,0.121,0.000115,,0.132,0.00109,,0.122,0.000416,,0.111,0.00015,,0.06,0.000364,,0.1158,0.000417,,0.099,0.000116,,0.118,0.000291,,0.126,0.000235,,0.131,0.000333,,0.126,0.000211,,0.069,0.000498,,0.11,0.000316,,0.088,0.0000825,,0.109,0.000466,,0.115,0.000232,,0.115,0.000127,,0.138,0.000394,,0.124,0.00012,,0.12,0.000261,,0.136,0.00039,,0.124,0.000351,,0.121,0.00017,,0.132,0.000677,,0.103,0.000163,,0.111,0.000164,,0.118,0.000354,,0.126,0.000184,,0.115,0.000198,,0.1,0.000162,,0.131,0.00038,,0.026,-3.06E-10,,0.1209,0.00172
0.0939,0.000153,,0.1109,0.000271,,0.1079,0.00029,,0.1209,0.000932,,0.0439,0.000132,,0.1019,0.0000769,,0.118,0.000297,,0.0969,0.000347,,0.1039,0.000518,,0.098,0.000175,,0.028,0.000116,,0.1199,0.000298,,0.121,0.000205,,0.123,0.000446,,0.115,0.000114,,0.124,0.00109,,0.1149,0.000418,,0.105,0.000149,,0.056,0.000375,,0.1088,0.000419,,0.0939,0.000118,,0.111,0.000292,,0.119,0.000236,,0.124,0.000333,,0.12,0.00021,,0.066,0.000505,,0.103,0.000318,,0.083,0.0000832,,0.103,0.000468,,0.109,0.000232,,0.109,0.000128,,0.13,0.000395,,0.118,0.000119,,0.113,0.000261,,0.128,0.00039,,0.117,0.000351,,0.114,0.00017,,0.124,0.000679,,0.098,0.000163,,0.105,0.000164,,0.111,0.000354,,0.119,0.000184,,0.109,0.000198,,0.095,0.000162,,0.124,0.000379,,0.024,5.02E-10,,0.1139,0.00173
0.0879,0.000154,,0.105,0.000271,,0.1019,0.000289,,0.113,0.000936,,0.0409,0.000133,,0.0959,0.0000767,,0.111,0.000297,,0.0909,0.000348,,0.098,0.00052,,0.0929,0.000175,,0.026,0.000117,,0.113,0.000298,,0.114,0.000208,,0.1149,0.000446,,0.108,0.000115,,0.117,0.00109,,0.108,0.000419,,0.0989,0.00015,,0.053,0.000377,,0.1028,0.000419,,0.088,0.000123,,0.105,0.000292,,0.113,0.000236,,0.117,0.000332,,0.113,0.000211,,0.062,0.00051,,0.097,0.000318,,0.079,0.0000825,,0.097,0.00047,,0.103,0.000233,,0.102,0.00013,,0.123,0.000395,,0.111,0.00012,,0.107,0.00026,,0.121,0.00039,,0.11,0.000352,,0.108,0.000169,,0.117,0.000679,,0.092,0.000163,,0.099,0.000164,,0.105,0.000355,,0.112,0.000186,,0.103,0.000198,,0.089,0.000164,,0.117,0.000379,,0.023,6.98E-10,,0.1069,0.00173
0.0829,0.000154,,0.0979,0.000274,,0.0959,0.000288,,0.1059,0.000936,,0.0389,0.000134,,0.09,0.0000766,,0.1039,0.000298,,0.0859,0.000349,,0.092,0.000519,,0.087,0.000176,,0.025,0.000118,,0.106,0.000297,,0.1069,0.000211,,0.108,0.000445,,0.101,0.000115,,0.11,0.00109,,0.1019,0.00042,,0.093,0.00015,,0.05,0.00038,,0.0968,0.000422,,0.083,0.000126,,0.098,0.000293,,0.106,0.000237,,0.109,0.000334,,0.106,0.000211,,0.058,0.000515,,0.091,0.000318,,0.074,0.0000833,,0.091,0.000473,,0.096,0.000233,,0.096,0.00013,,0.115,0.000397,,0.104,0.00012,,0.1,0.000261,,0.113,0.000391,,0.104,0.000352,,0.101,0.00017,,0.11,0.00068,,0.086,0.000163,,0.093,0.000165,,0.098,0.000358,,0.105,0.000186,,0.096,0.0002,,0.084,0.000164,,0.11,0.000379,,0.021,6.98E-10,,0.1009,0.00175
0.0769,0.000154,,0.092,0.000274,,0.0889,0.000289,,0.0989,0.000937,,0.0359,0.000135,,0.0839,0.0000768,,0.0969,0.000297,,0.0799,0.000355,,0.0859,0.000519,,0.0809,0.000177,,0.023,0.00012,,0.0989,0.000297,,0.1,0.000213,,0.101,0.000446,,0.095,0.000114,,0.103,0.00109,,0.095,0.000421,,0.087,0.00015,,0.046,0.000386,,0.0898,0.000426,,0.077,0.00013,,0.092,0.000292,,0.099,0.000239,,0.102,0.000333,,0.099,0.000211,,0.054,0.000521,,0.085,0.000319,,0.069,0.0000831,,0.085,0.000476,,0.09,0.000233,,0.09,0.000131,,0.107,0.000397,,0.0969,0.000119,,0.094,0.000259,,0.106,0.00039,,0.097,0.000353,,0.094,0.000171,,0.103,0.000676,,0.081,0.000163,,0.087,0.000165,,0.092,0.000358,,0.098,0.000187,,0.09,0.0002,,0.078,0.000167,,0.102,0.00038,,0.02,1.05E-09,,0.0939,0.00174
0.0719,0.000154,,0.0849,0.000273,,0.0829,0.00029,,0.092,0.000938,,0.0339,0.000135,,0.0779,0.0000777,,0.0909,0.000297,,0.074,0.000358,,0.0799,0.000521,,0.0749,0.000178,,0.021,0.000122,,0.092,0.000296,,0.093,0.000216,,0.0939,0.000446,,0.088,0.000114,,0.095,0.00109,,0.088,0.000421,,0.0809,0.00015,,0.043,0.000385,,0.0838,0.000432,,0.072,0.000133,,0.085,0.000293,,0.092,0.00024,,0.095,0.000331,,0.092,0.000211,,0.05,0.000525,,0.079,0.00032,,0.064,0.0000834,,0.079,0.000479,,0.0839,0.000233,,0.083,0.000133,,0.1,0.000397,,0.09,0.000118,,0.087,0.00026,,0.098,0.000389,,0.09,0.000353,,0.088,0.000169,,0.095,0.000677,,0.075,0.000163,,0.081,0.000166,,0.085,0.000356,,0.092,0.000186,,0.084,0.0002,,0.073,0.000169,,0.095,0.00038,,0.019,1.14E-09,,0.0869,0.00174
0.0669,0.000154,,0.079,0.000275,,0.0769,0.00029,,0.0849,0.000941,,0.0309,0.000138,,0.072,0.0000774,,0.0839,0.000296,,0.069,0.000362,,0.074,0.000522,,0.0699,0.000177,,0.02,0.000122,,0.085,0.000296,,0.0859,0.000219,,0.087,0.000446,,0.081,0.000114,,0.088,0.00109,,0.082,0.000421,,0.074,0.000151,,0.04,0.000389,,0.0778,0.000435,,0.066,0.000138,,0.079,0.000292,,0.085,0.000242,,0.088,0.000331,,0.085,0.00021,,0.046,0.000527,,0.073,0.000321,,0.059,0.0000837,,0.073,0.00048,,0.077,0.000235,,0.077,0.000133,,0.092,0.000397,,0.083,0.000118,,0.08,0.000261,,0.091,0.000388,,0.083,0.000353,,0.081,0.000169,,0.088,0.000674,,0.069,0.000164,,0.074,0.000166,,0.079,0.000358,,0.085,0.000188,,0.077,0.000202,,0.067,0.000171,,0.088,0.000381,,0.017,1.79E-09,,0.0809,0.00175
0.0609,0.000156,,0.0719,0.000276,,0.0699,0.000293,,0.0779,0.00094,,0.0279,0.000141,,0.066,0.0000769,,0.077,0.000296,,0.0629,0.000364,,0.0679,0.000524,,0.064,0.000177,,0.018,0.000124,,0.0779,0.000296,,0.079,0.000222,,0.08,0.000447,,0.075,0.000113,,0.081,0.00109,,0.075,0.000423,,0.0679,0.00015,,0.037,0.000402,,0.0708,0.000436,,0.061,0.000141,,0.072,0.000293,,0.078,0.000244,,0.081,0.000331,,0.078,0.000211,,0.043,0.00053,,0.067,0.000321,,0.054,0.0000837,,0.067,0.000484,,0.0709,0.000235,,0.071,0.000134,,0.085,0.000397,,0.076,0.000118,,0.074,0.00026,,0.083,0.000388,,0.076,0.000354,,0.074,0.000169,,0.081,0.000678,,0.063,0.000164,,0.068,0.000166,,0.072,0.000357,,0.078,0.000189,,0.071,0.000201,,0.062,0.000171,,0.081,0.000381,,0.016,1.51E-09,,0.0739,0.00176
0.0559,0.000156,,0.066,0.000276,,0.0639,0.00029,,0.0709,0.000941,,0.0259,0.000144,,0.0599,0.0000771,,0.0699,0.0003,,0.0569,0.000364,,0.0619,0.000525,,0.0579,0.000177,,0.016,0.000126,,0.0709,0.000296,,0.0709,0.000225,,0.073,0.000447,,0.068,0.000113,,0.074,0.00109,,0.0679,0.000424,,0.062,0.00015,,0.033,0.000412,,0.0648,0.000439,,0.056,0.000145,,0.066,0.000292,,0.071,0.000246,,0.073,0.000331,,0.071,0.000211,,0.039,0.000536,,0.061,0.00032,,0.049,0.000084,,0.061,0.000486,,0.065,0.000235,,0.064,0.000136,,0.077,0.000398,,0.07,0.000118,,0.067,0.000261,,0.076,0.000387,,0.069,0.000354,,0.068,0.000169,,0.074,0.000678,,0.058,0.000163,,0.062,0.000166,,0.066,0.000358,,0.071,0.00019,,0.065,0.000201,,0.056,0.000172,,0.073,0.000382,,0.014,1.92E-09,,0.0679,0.00176
0.0499,0.000157,,0.0589,0.000276,,0.0579,0.00029,,0.0639,0.000936,,0.0229,0.000146,,0.054,0.0000769,,0.0629,0.000307,,0.0519,0.000365,,0.056,0.000525,,0.0519,0.000178,,0.015,0.000126,,0.064,0.000297,,0.064,0.000227,,0.065,0.000447,,0.061,0.000113,,0.066,0.00109,,0.061,0.000424,,0.056,0.00015,,0.03,0.000414,,0.0578,0.00044,,0.0499,0.00015,,0.059,0.000293,,0.064,0.000247,,0.066,0.000331,,0.064,0.000211,,0.035,0.000541,,0.055,0.000321,,0.045,0.0000836,,0.055,0.00049,,0.058,0.000236,,0.058,0.000138,,0.07,0.000399,,0.0629,0.000118,,0.061,0.00026,,0.068,0.000389,,0.063,0.000353,,0.061,0.00017,,0.066,0.000679,,0.052,0.000164,,0.056,0.000167,,0.059,0.000358,,0.064,0.000194,,0.058,0.000203,,0.051,0.000173,,0.066,0.000381,,0.013,1.68E-09,,0.0609,0.00177
0.0449,0.000157,,0.0529,0.000275,,0.0519,0.000291,,0.0569,0.000935,,0.0209,0.000147,,0.049,0.0000772,,0.056,0.000309,,0.0459,0.000366,,0.049,0.000525,,0.0469,0.000179,,0.013,0.000128,,0.057,0.000297,,0.057,0.00023,,0.0579,0.000447,,0.055,0.000113,,0.059,0.00108,,0.055,0.000424,,0.0499,0.00015,,0.027,0.000416,,0.0518,0.000444,,0.0449,0.000153,,0.0529,0.000293,,0.057,0.000249,,0.059,0.000331,,0.057,0.000211,,0.031,0.000545,,0.049,0.000321,,0.04,0.0000841,,0.049,0.000492,,0.052,0.000237,,0.052,0.000139,,0.062,0.000402,,0.056,0.000118,,0.054,0.000261,,0.061,0.000389,,0.056,0.000353,,0.054,0.00017,,0.059,0.000678,,0.046,0.000164,,0.05,0.000167,,0.053,0.000357,,0.057,0.000198,,0.052,0.000201,,0.045,0.000174,,0.059,0.000381,,0.011,1.35E-09,,0.0539,0.00178
0.0389,0.000158,,0.0469,0.000277,,0.0449,0.000292,,0.0499,0.000939,,0.0179,0.00015,,0.043,0.0000769,,0.0489,0.00031,,0.0399,0.000367,,0.043,0.000524,,0.041,0.000181,,0.012,0.000128,,0.0499,0.000296,,0.0499,0.000232,,0.051,0.000446,,0.048,0.000114,,0.052,0.00108,,0.048,0.000425,,0.044,0.00015,,0.024,0.000418,,0.0458,0.000446,,0.039,0.000158,,0.046,0.000294,,0.05,0.000251,,0.052,0.000331,,0.05,0.000211,,0.027,0.000548,,0.043,0.000321,,0.035,0.0000843,,0.043,0.000495,,0.045,0.000238,,0.045,0.000142,,0.054,0.000402,,0.049,0.000118,,0.047,0.000262,,0.053,0.000389,,0.049,0.000354,,0.048,0.00017,,0.052,0.000677,,0.041,0.000163,,0.044,0.000167,,0.046,0.000357,,0.05,0.0002,,0.046,0.000201,,0.039,0.000175,,0.052,0.000383,,0.01,1.59E-09,,0.0479,0.00177
0.0339,0.000158,,0.0399,0.000278,,0.0389,0.000291,,0.043,0.000936,,0.0159,0.000151,,0.0369,0.0000767,,0.0419,0.000313,,0.035,0.000367,,0.0369,0.000526,,0.035,0.000181,,0.01,0.00013,,0.043,0.000296,,0.043,0.000235,,0.044,0.000446,,0.041,0.000114,,0.045,0.00109,,0.041,0.000428,,0.038,0.00015,,0.02,0.00042,,0.0388,0.000454,,0.034,0.00016,,0.0399,0.000293,,0.043,0.000253,,0.044,0.000331,,0.043,0.00021,,0.024,0.000551,,0.037,0.000322,,0.03,0.0000846,,0.037,0.000497,,0.039,0.000238,,0.039,0.000143,,0.047,0.000402,,0.042,0.000118,,0.041,0.000261,,0.046,0.000387,,0.042,0.000354,,0.041,0.000171,,0.045,0.000677,,0.035,0.000164,,0.038,0.000168,,0.04,0.000357,,0.043,0.000201,,0.039,0.000203,,0.034,0.000174,,0.045,0.000383,,0.009,1.44E-09,,0.0409,0.00179
0.0279,0.000159,,0.0339,0.000277,,0.0329,0.000291,,0.0359,0.000936,,0.0129,0.000153,,0.0309,0.0000772,,0.0359,0.000312,,0.0289,0.000368,,0.0309,0.000528,,0.03,0.00018,,0.008,0.000132,,0.036,0.000296,,0.036,0.000239,,0.0369,0.000447,,0.034,0.000114,,0.037,0.00109,,0.035,0.000428,,0.0319,0.00015,,0.017,0.000422,,0.0328,0.00046,,0.028,0.000165,,0.033,0.000294,,0.036,0.000256,,0.037,0.000329,,0.036,0.000211,,0.02,0.000557,,0.031,0.000322,,0.025,0.0000849,,0.031,0.000501,,0.033,0.000238,,0.033,0.000145,,0.039,0.000404,,0.035,0.000118,,0.034,0.000262,,0.039,0.000387,,0.035,0.000353,,0.034,0.000171,,0.037,0.000679,,0.029,0.000164,,0.032,0.000169,,0.033,0.000357,,0.036,0.000201,,0.033,0.000202,,0.028,0.000175,,0.037,0.000384,,0.007,1.68E-09,,0.0339,0.0018
0.0229,0.000159,,0.0269,0.000278,,0.0259,0.000292,,0.0289,0.000937,,0.0109,0.000154,,0.025,0.0000771,,0.0289,0.000311,,0.0229,0.000369,,0.025,0.000533,,0.0239,0.000181,,0.007,0.000132,,0.0289,0.000296,,0.0289,0.000242,,0.03,0.000448,,0.028,0.000114,,0.03,0.00109,,0.028,0.00043,,0.025,0.00015,,0.014,0.000424,,0.0268,0.000465,,0.023,0.000167,,0.0269,0.000294,,0.029,0.000258,,0.03,0.000329,,0.029,0.00021,,0.016,0.000561,,0.025,0.000323,,0.02,0.000085,,0.025,0.000503,,0.026,0.00024,,0.026,0.000149,,0.032,0.000403,,0.029,0.000118,,0.028,0.00026,,0.031,0.000387,,0.028,0.000355,,0.028,0.00017,,0.03,0.00068,,0.024,0.000164,,0.025,0.00017,,0.027,0.000357,,0.029,0.000201,,0.026,0.000205,,0.023,0.000175,,0.03,0.000385,,0.006,1.22E-09,,0.0279,0.0018
0.0169,0.000159,,0.0209,0.000278,,0.0199,0.000291,,0.0219,0.000943,,0.0079,0.000156,,0.0189,0.0000773,,0.0219,0.000311,,0.0179,0.00037,,0.0189,0.000536,,0.0179,0.000181,,0.005,0.000134,,0.0219,0.000297,,0.0219,0.000245,,0.023,0.000448,,0.021,0.000115,,0.023,0.00109,,0.021,0.00043,,0.0189,0.000151,,0.01,0.000427,,0.0198,0.00047,,0.017,0.000171,,0.02,0.000295,,0.0219,0.000261,,0.023,0.00033,,0.0219,0.00021,,0.012,0.000565,,0.019,0.000323,,0.015,0.000085,,0.019,0.000505,,0.02,0.000241,,0.02,0.000151,,0.024,0.000405,,0.0219,0.000118,,0.021,0.00026,,0.024,0.000387,,0.022,0.000354,,0.021,0.000171,,0.023,0.000679,,0.018,0.000164,,0.019,0.000169,,0.021,0.000357,,0.0219,0.000202,,0.02,0.000204,,0.017,0.000176,,0.023,0.000386,,0.004,1.59E-09,,0.0209,0.00181
0.0119,0.000159,,0.0139,0.000279,,0.0139,0.000293,,0.0149,0.000945,,0.0059,0.000157,,0.0129,0.0000772,,0.0149,0.00031,,0.0119,0.000371,,0.0129,0.000539,,0.012,0.000181,,0.004,0.000136,,0.015,0.000297,,0.015,0.000248,,0.015,0.000448,,0.0139,0.000115,,0.016,0.00109,,0.0139,0.000432,,0.013,0.00015,,0.007,0.000432,,0.0138,0.000471,,0.012,0.000172,,0.0139,0.000295,,0.015,0.000263,,0.016,0.00033,,0.015,0.00021,,0.008,0.00057,,0.013,0.000323,,0.01,0.0000852,,0.013,0.000509,,0.0139,0.000242,,0.014,0.000154,,0.016,0.000406,,0.015,0.000118,,0.014,0.000262,,0.016,0.000388,,0.015,0.000354,,0.014,0.000171,,0.016,0.000676,,0.012,0.000164,,0.013,0.000169,,0.014,0.000356,,0.015,0.000202,,0.014,0.000203,,0.012,0.000176,,0.016,0.000387,,0.003,1.48E-09,,0.0139,0.00181
0.0059,0.000159,,0.0079,0.000279,,0.0069,0.000296,,0.0079,0.000951,,0.0029,0.000159,,0.007,0.0000769,,0.0079,0.000309,,0.0069,0.000373,,0.007,0.000541,,0.007,0.000181,,0.002,0.000138,,0.0079,0.000297,,0.0079,0.000252,,0.008,0.000449,,0.008,0.000114,,0.008,0.00109,,0.008,0.000431,,0.007,0.00015,,0.004,0.000434,,0.0068,0.000475,,0.0059,0.000176,,0.008,0.000295,,0.008,0.000266,,0.008,0.00033,,0.008,0.00021,,0.004,0.000574,,0.007,0.000324,,0.006,0.0000849,,0.007,0.000512,,0.007,0.000242,,0.007,0.000158,,0.009,0.000405,,0.008,0.000118,,0.008,0.000262,,0.009,0.000387,,0.008,0.000354,,0.008,0.000173,,0.008,0.000677,,0.007,0.000164,,0.007,0.000169,,0.008,0.000356,,0.008,0.000202,,0.007,0.000205,,0.006,0.000178,,0.008,0.000387,,0.002,2.16E-09,,0.0079,0.00181
0.0009,0.000159,,0.0009,0.00028,,0.0009,0.000296,,0.0009,0.000951,,-0.0001,0.00016,,0.0009,0.0000767,,0.0009,0.000308,,0.0009,0.000374,,0.0009,0.000543,,0.0009,0.000181,,0,0.00014,,0.0009,0.000296,,0.0009,0.000257,,0.0009,0.000449,,0.001,0.000115,,0.001,0.00109,,0.0009,0.000433,,0.0009,0.00015,,0.001,0.000435,,0.0008,0.000477,,0.0009,0.000177,,0.0009,0.000296,,0.001,0.000269,,0.0009,0.000328,,0.001,0.000211,,0.001,0.000579,,0.0009,0.000324,,0.001,0.0000857,,0.001,0.000516,,0.0009,0.000243,,0.001,0.00016,,0.001,0.000404,,0.0009,0.000118,,0.001,0.000262,,0.001,0.000389,,0.001,0.000356,,0.001,0.000176,,0.001,0.000678,,0.001,0.000164,,0.001,0.00017,,0.001,0.000356,,0.001,0.000202,,0.001,0.000204,,0.001,0.000178,,0.001,0.000387,,0,2.55E-09,,0.0009,0.00181
-0.005,0.00016,,-0.005,0.00028,,-0.005,0.000297,,-0.006,0.000954,,-0.002,0.000159,,-0.005,0.0000773,,-0.006,0.000309,,-0.005,0.000376,,-0.005,0.000546,,-0.005,0.000181,,-0.001,0.000141,,-0.006,0.000297,,-0.006,0.00026,,-0.006,0.000449,,-0.006,0.000115,,-0.006,0.0011,,-0.006,0.000433,,-0.005,0.00015,,-0.003,0.000438,,-0.005,0.000479,,-0.005,0.00018,,-0.005,0.000295,,-0.006,0.000273,,-0.006,0.000329,,-0.006,0.000211,,-0.003,0.000586,,-0.005,0.000324,,-0.004,0.0000861,,-0.005,0.000519,,-0.005,0.000244,,-0.005,0.000163,,-0.006,0.000404,,-0.006,0.000118,,-0.006,0.000262,,-0.006,0.000388,,-0.006,0.000356,,-0.006,0.000176,,-0.006,0.000678,,-0.005,0.000163,,-0.005,0.00017,,-0.005,0.000358,,-0.006,0.000202,,-0.005,0.000204,,-0.005,0.000179,,-0.006,0.000387,,-0.001,2.71E-09,,-0.006,0.00182
-0.01,0.00016,,-0.012,0.00028,,-0.012,0.0003,,-0.013,0.000957,,-0.005,0.000161,,-0.011,0.000077,,-0.013,0.000309,,-0.01,0.000375,,-0.011,0.000546,,-0.011,0.000182,,-0.003,0.000143,,-0.013,0.000297,,-0.013,0.000264,,-0.013,0.000449,,-0.012,0.000114,,-0.013,0.00109,,-0.012,0.000433,,-0.011,0.00015,,-0.006,0.00044,,-0.012,0.000481,,-0.01,0.000181,,-0.012,0.000297,,-0.013,0.000276,,-0.013,0.000329,,-0.013,0.00021,,-0.007,0.00059,,-0.011,0.000326,,-0.009,0.0000862,,-0.011,0.000521,,-0.012,0.000247,,-0.012,0.000167,,-0.014,0.000406,,-0.013,0.000118,,-0.012,0.000263,,-0.014,0.000388,,-0.013,0.000359,,-0.012,0.000175,,-0.013,0.000679,,-0.01,0.000163,,-0.011,0.000171,,-0.012,0.000359,,-0.013,0.000203,,-0.012,0.000205,,-0.01,0.00018,,-0.013,0.000389,,-0.003,2.73E-09,,-0.012,0.00183
-0.016,0.00016,,-0.018,0.000282,,-0.018,0.000296,,-0.02,0.000954,,-0.007,0.000161,,-0.017,0.0000769,,-0.02,0.000308,,-0.016,0.000377,,-0.017,0.000547,,-0.016,0.000181,,-0.005,0.000145,,-0.02,0.000297,,-0.02,0.000268,,-0.02,0.00045,,-0.019,0.000115,,-0.021,0.00109,,-0.019,0.000436,,-0.017,0.00015,,-0.009,0.000442,,-0.018,0.000481,,-0.016,0.000184,,-0.018,0.000298,,-0.02,0.000279,,-0.021,0.00033,,-0.02,0.00021,,-0.011,0.000593,,-0.017,0.000326,,-0.014,0.0000864,,-0.017,0.000524,,-0.018,0.000249,,-0.018,0.00017,,-0.022,0.000407,,-0.019,0.000118,,-0.019,0.000262,,-0.021,0.000387,,-0.019,0.00036,,-0.019,0.000176,,-0.021,0.00068,,-0.016,0.000163,,-0.017,0.000171,,-0.018,0.00036,,-0.02,0.000204,,-0.018,0.000205,,-0.016,0.000181,,-0.021,0.000389,,-0.004,2.23E-09,,-0.019,0.00183
-0.021,0.00016,,-0.025,0.000282,,-0.024,0.000299,,-0.027,0.000953,,-0.01,0.000162,,-0.023,0.0000767,,-0.026,0.000308,,-0.022,0.000377,,-0.023,0.000548,,-0.022,0.000182,,-0.006,0.000145,,-0.027,0.000297,,-0.027,0.000271,,-0.027,0.00045,,-0.026,0.000115,,-0.028,0.00109,,-0.026,0.000438,,-0.023,0.00015,,-0.013,0.000446,,-0.024,0.000481,,-0.021,0.000184,,-0.025,0.0003,,-0.027,0.000281,,-0.028,0.000329,,-0.027,0.00021,,-0.015,0.000596,,-0.023,0.000327,,-0.019,0.0000867,,-0.023,0.000528,,-0.024,0.000249,,-0.024,0.000173,,-0.029,0.000407,,-0.026,0.000119,,-0.025,0.000261,,-0.029,0.000388,,-0.026,0.00036,,-0.026,0.000176,,-0.028,0.00068,,-0.022,0.000164,,-0.024,0.000172,,-0.025,0.000359,,-0.027,0.000206,,-0.024,0.000205,,-0.021,0.000182,,-0.028,0.000388,,-0.005,2.07E-09,,-0.026,0.00184
-0.026,0.00016,,-0.031,0.000282,,-0.031,0.000303,,-0.034,0.00095,,-0.012,0.000164,,-0.029,0.0000766,,-0.033,0.000308,,-0.027,0.000378,,-0.029,0.00055,,-0.028,0.000183,,-0.008,0.000147,,-0.034,0.000297,,-0.034,0.000274,,-0.035,0.000451,,-0.032,0.000115,,-0.035,0.00109,,-0.032,0.000438,,-0.03,0.00015,,-0.016,0.00045,,-0.031,0.000484,,-0.026,0.000185,,-0.031,0.0003,,-0.034,0.000285,,-0.035,0.000328,,-0.034,0.000211,,-0.018,0.000597,,-0.029,0.000328,,-0.024,0.000087,,-0.029,0.000528,,-0.031,0.00025,,-0.031,0.000178,,-0.037,0.000408,,-0.033,0.00012,,-0.032,0.000263,,-0.036,0.000389,,-0.033,0.000361,,-0.032,0.000175,,-0.035,0.00068,,-0.028,0.000164,,-0.03,0.000172,,-0.031,0.000358,,-0.034,0.000206,,-0.031,0.000206,,-0.027,0.000184,,-0.035,0.000388,,-0.007,1.68E-09,,-0.032,0.00184
-0.032,0.00016,,-0.038,0.000283,,-0.037,0.000305,,-0.041,0.000959,,-0.015,0.000166,,-0.035,0.0000768,,-0.04,0.000307,,-0.033,0.000381,,-0.035,0.000551,,-0.033,0.000183,,-0.009,0.000147,,-0.041,0.000298,,-0.041,0.000278,,-0.042,0.000451,,-0.039,0.000116,,-0.042,0.00109,,-0.039,0.000439,,-0.036,0.000149,,-0.019,0.000451,,-0.037,0.000486,,-0.032,0.000187,,-0.038,0.000301,,-0.041,0.000288,,-0.042,0.000328,,-0.041,0.000211,,-0.022,0.000599,,-0.035,0.000327,,-0.028,0.0000869,,-0.035,0.000532,,-0.037,0.000253,,-0.037,0.00018,,-0.044,0.000408,,-0.04,0.000119,,-0.039,0.000263,,-0.044,0.000389,,-0.04,0.00036,,-0.039,0.000175,,-0.042,0.000679,,-0.033,0.000164,,-0.036,0.000172,,-0.038,0.00036,,-0.041,0.000207,,-0.037,0.000206,,-0.032,0.000185,,-0.042,0.000388,,-0.008,2.05E-09,,-0.039,0.00185
-0.037,0.00016,,-0.044,0.000283,,-0.043,0.000306,,-0.048,0.000969,,-0.017,0.000167,,-0.041,0.0000775,,-0.047,0.000306,,-0.039,0.000383,,-0.041,0.000553,,-0.039,0.000184,,-0.011,0.000149,,-0.048,0.000299,,-0.048,0.000281,,-0.049,0.000452,,-0.046,0.000116,,-0.05,0.00109,,-0.046,0.00044,,-0.042,0.00015,,-0.022,0.000455,,-0.044,0.000494,,-0.037,0.000187,,-0.044,0.000301,,-0.048,0.00029,,-0.049,0.000328,,-0.048,0.000211,,-0.026,0.000605,,-0.041,0.000329,,-0.033,0.0000874,,-0.041,0.000536,,-0.043,0.000254,,-0.043,0.000183,,-0.052,0.000409,,-0.047,0.00012,,-0.045,0.000263,,-0.051,0.000388,,-0.047,0.00036,,-0.046,0.000176,,-0.05,0.00068,,-0.039,0.000163,,-0.042,0.000173,,-0.044,0.000359,,-0.048,0.000208,,-0.043,0.000206,,-0.038,0.000187,,-0.049,0.000389,,-0.01,1.66E-09,,-0.045,0.00185
-0.043,0.000161,,-0.051,0.000285,,-0.049,0.000306,,-0.055,0.000971,,-0.02,0.000169,,-0.047,0.0000775,,-0.054,0.000305,,-0.044,0.000384,,-0.047,0.000554,,-0.045,0.000185,,-0.013,0.000151,,-0.055,0.000299,,-0.055,0.000285,,-0.056,0.000453,,-0.052,0.000116,,-0.057,0.00109,,-0.053,0.000442,,-0.048,0.00015,,-0.026,0.00046,,-0.05,0.000495,,-0.043,0.00019,,-0.051,0.000303,,-0.055,0.000293,,-0.057,0.000328,,-0.055,0.000211,,-0.03,0.00061,,-0.047,0.00033,,-0.038,0.0000878,,-0.047,0.000538,,-0.05,0.000255,,-0.05,0.000188,,-0.059,0.000409,,-0.054,0.00012,,-0.052,0.000263,,-0.059,0.00039,,-0.054,0.000361,,-0.052,0.000176,,-0.057,0.000679,,-0.045,0.000165,,-0.048,0.000173,,-0.051,0.000359,,-0.055,0.000209,,-0.05,0.000208,,-0.043,0.000188,,-0.057,0.00039,,-0.011,1.64E-09,,-0.052,0.00186
-0.048,0.000161,,-0.057,0.000287,,-0.056,0.000308,,-0.062,0.000973,,-0.023,0.00017,,-0.053,0.0000775,,-0.061,0.000306,,-0.05,0.000386,,-0.054,0.000555,,-0.051,0.000185,,-0.014,0.000152,,-0.062,0.000302,,-0.062,0.000288,,-0.063,0.000453,,-0.059,0.000117,,-0.064,0.00109,,-0.059,0.000443,,-0.054,0.000151,,-0.029,0.000461,,-0.056,0.000497,,-0.048,0.000189,,-0.057,0.000303,,-0.062,0.000297,,-0.064,0.000328,,-0.062,0.000213,,-0.034,0.000615,,-0.053,0.000331,,-0.043,0.000088,,-0.053,0.000542,,-0.056,0.000255,,-0.056,0.00019,,-0.067,0.000411,,-0.061,0.00012,,-0.058,0.000262,,-0.066,0.00039,,-0.06,0.00036,,-0.059,0.000176,,-0.064,0.000681,,-0.05,0.000165,,-0.054,0.000174,,-0.057,0.000358,,-0.061,0.000209,,-0.056,0.000207,,-0.049,0.000191,,-0.064,0.00039,,-0.012,1.33E-09,,-0.059,0.00186
,,,,,,,,,,,,,,,,,,,,,,,,,,,,,,,,,,,,,,,,,,,,,,,,,,,,,,,,,,,,,,,,,,,,,,,,,,,,,,,,,,,,,,,,,,,,,,,,,,,,,,,,,,,,,,,,,,,,,,,,,,,,,,,,,,,,,,,,,,,
0.482,Voc (V),,0.574,Voc (V),,0.553,Voc (V),,0.62,Voc (V),,0.225,Voc (V),,0.523,Voc (V),,0.607,Voc (V),,0.499,Voc (V),,0.536,Voc (V),,0.502,Voc (V),,0.145,Voc (V),,0.617,Voc (V),,0.612,Voc (V),,0.632,Voc (V),,0.576,Voc (V),,0.641,Voc (V),,0.592,Voc (V),,0.538,Voc (V),,0.29,Voc (V),,0.562,Voc (V),,0.464,Voc (V),,0.572,Voc (V),,0.609,Voc (V),,0.638,Voc (V),,0.608,Voc (V),,0.345,Voc (V),,0.529,Voc (V),,0.421,Voc (V),,0.529,Voc (V),,0.557,Voc (V),,0.546,Voc (V),,0.668,Voc (V),,0.598,Voc (V),,0.582,Voc (V),,0.655,Voc (V),,0.604,Voc (V),,0.582,Voc (V),,0.64,Voc (V),,0.495,Voc (V),,0.537,Voc (V),,0.573,Voc (V),,0.605,Voc (V),,0.555,Voc (V),,0.483,Voc (V),,0.636,Voc (V),,0.047,Voc (V),,0.589,Voc (V)
481.839,Voc/seg (mV),,573.846,Voc/seg (mV),,552.706,Voc/seg (mV),,620.385,Voc/seg (mV),,224.494,Voc/seg (mV),,522.837,Voc/seg (mV),,607.029,Voc/seg (mV),,499.255,Voc/seg (mV),,535.768,Voc/seg (mV),,501.711,Voc/seg (mV),,144.922,Voc/seg (mV),,616.719,Voc/seg (mV),,611.453,Voc/seg (mV),,632.098,Voc/seg (mV),,576.326,Voc/seg (mV),,640.955,Voc/seg (mV),,591.658,Voc/seg (mV),,537.801,Voc/seg (mV),,289.944,Voc/seg (mV),,562.071,Voc/seg (mV),,464.195,Voc/seg (mV),,572.447,Voc/seg (mV),,608.715,Voc/seg (mV),,638.382,Voc/seg (mV),,608.267,Voc/seg (mV),,344.931,Voc/seg (mV),,529.289,Voc/seg (mV),,420.869,Voc/seg (mV),,528.89,Voc/seg (mV),,557.237,Voc/seg (mV),,545.492,Voc/seg (mV),,667.873,Voc/seg (mV),,597.624,Voc/seg (mV),,582.347,Voc/seg (mV),,655.161,Voc/seg (mV),,603.594,Voc/seg (mV),,582.222,Voc/seg (mV),,639.524,Voc/seg (mV),,494.571,Voc/seg (mV),,537.169,Voc/seg (mV),,572.73,Voc/seg (mV),,604.464,Voc/seg (mV),,555.078,Voc/seg (mV),,483.071,Voc/seg (mV),,635.657,Voc/seg (mV),,47.282,Voc/seg (mV),,588.478,Voc/seg (mV)
0.00015954,Isc (A),,0.000279645,Isc (A),,0.000295815,Isc (A),,0.000951645,Isc (A),,0.00016005,Isc (A),,0.000076806,Isc (A),,0.00030825,Isc (A),,0.000374445,Isc (A),,0.00054378,Isc (A),,0.00018117,Isc (A),,0.000139574,Isc (A),,0.000296505,Isc (A),,0.00025704,Isc (A),,0.00044877,Isc (A),,0.000114782,Isc (A),,0.001093845,Isc (A),,0.000432825,Isc (A),,0.00015003,Isc (A),,0.000436095,Isc (A),,0.000477195,Isc (A),,0.000177465,Isc (A),,0.000295515,Isc (A),,0.000269925,Isc (A),,0.000328095,Isc (A),,0.000210525,Isc (A),,0.000580305,Isc (A),,0.00032376,Isc (A),,0.000085767,Isc (A),,0.000516045,Isc (A),,0.000242775,Isc (A),,0.000160575,Isc (A),,0.00040437,Isc (A),,0.000117923,Isc (A),,0.00026241,Isc (A),,0.000388725,Isc (A),,0.000355665,Isc (A),,0.000175875,Isc (A),,0.00067785,Isc (A),,0.00016359,Isc (A),,0.00017004,Isc (A),,0.000356385,Isc (A),,0.000202065,Isc (A),,0.00020436,Isc (A),,0.00017808,Isc (A),,0.000386745,Isc (A),,2.55E-09,Isc (A),,0.00182,Isc (A)
0.441666667,Jsc (mA/cm2),,0.775,Jsc (mA/cm2),,0.822222222,Jsc (mA/cm2),,2.641666667,Jsc (mA/cm2),,0.447222222,Jsc (mA/cm2),,0.213888889,Jsc (mA/cm2),,0.855555556,Jsc (mA/cm2),,1.041666667,Jsc (mA/cm2),,1.513888889,Jsc (mA/cm2),,0.505555556,Jsc (mA/cm2),,0.388888889,Jsc (mA/cm2),,0.825,Jsc (mA/cm2),,0.713888889,Jsc (mA/cm2),,1.247222222,Jsc (mA/cm2),,0.322222222,Jsc (mA/cm2),,3.038888889,Jsc (mA/cm2),,1.205555556,Jsc (mA/cm2),,0.416666667,Jsc (mA/cm2),,1.213888889,Jsc (mA/cm2),,1.325,Jsc (mA/cm2),,0.491666667,Jsc (mA/cm2),,0.822222222,Jsc (mA/cm2),,0.75,Jsc (mA/cm2),,0.913888889,Jsc (mA/cm2),,0.583333333,Jsc (mA/cm2),,1.613888889,Jsc (mA/cm2),,0.9,Jsc (mA/cm2),,0.238888889,Jsc (mA/cm2),,1.433333333,Jsc (mA/cm2),,0.675,Jsc (mA/cm2),,0.447222222,Jsc (mA/cm2),,1.125,Jsc (mA/cm2),,0.330555556,Jsc (mA/cm2),,0.730555556,Jsc (mA/cm2),,1.080555556,Jsc (mA/cm2),,0.988888889,Jsc (mA/cm2),,0.488888889,Jsc (mA/cm2),,1.883333333,Jsc (mA/cm2),,0.455555556,Jsc (mA/cm2),,0.472222222,Jsc (mA/cm2),,0.991666667,Jsc (mA/cm2),,0.563888889,Jsc (mA/cm2),,0.566666667,Jsc (mA/cm2),,0.497222222,Jsc (mA/cm2),,1.075,Jsc (mA/cm2),,0,Jsc (mA/cm2),,5.041666667,Jsc (mA/cm2)
0.441666667,Jsc/seg (mA/cm2),,0.775,Jsc/seg (mA/cm2),,0.822222222,Jsc/seg (mA/cm2),,2.641666667,Jsc/seg (mA/cm2),,0.447222222,Jsc/seg (mA/cm2),,0.213888889,Jsc/seg (mA/cm2),,0.855555556,Jsc/seg (mA/cm2),,1.041666667,Jsc/seg (mA/cm2),,1.513888889,Jsc/seg (mA/cm2),,0.505555556,Jsc/seg (mA/cm2),,0.388888889,Jsc/seg (mA/cm2),,0.825,Jsc/seg (mA/cm2),,0.713888889,Jsc/seg (mA/cm2),,1.247222222,Jsc/seg (mA/cm2),,0.322222222,Jsc/seg (mA/cm2),,3.038888889,Jsc/seg (mA/cm2),,1.205555556,Jsc/seg (mA/cm2),,0.416666667,Jsc/seg (mA/cm2),,1.213888889,Jsc/seg (mA/cm2),,1.325,Jsc/seg (mA/cm2),,0.491666667,Jsc/seg (mA/cm2),,0.822222222,Jsc/seg (mA/cm2),,0.75,Jsc/seg (mA/cm2),,0.913888889,Jsc/seg (mA/cm2),,0.583333333,Jsc/seg (mA/cm2),,1.613888889,Jsc/seg (mA/cm2),,0.9,Jsc/seg (mA/cm2),,0.238888889,Jsc/seg (mA/cm2),,1.433333333,Jsc/seg (mA/cm2),,0.675,Jsc/seg (mA/cm2),,0.447222222,Jsc/seg (mA/cm2),,1.125,Jsc/seg (mA/cm2),,0.330555556,Jsc/seg (mA/cm2),,0.730555556,Jsc/seg (mA/cm2),,1.080555556,Jsc/seg (mA/cm2),,0.988888889,Jsc/seg (mA/cm2),,0.488888889,Jsc/seg (mA/cm2),,1.883333333,Jsc/seg (mA/cm2),,0.455555556,Jsc/seg (mA/cm2),,0.472222222,Jsc/seg (mA/cm2),,0.991666667,Jsc/seg (mA/cm2),,0.563888889,Jsc/seg (mA/cm2),,0.566666667,Jsc/seg (mA/cm2),,0.497222222,Jsc/seg (mA/cm2),,1.075,Jsc/seg (mA/cm2),,0,Jsc/seg (mA/cm2),,5.041666667,Jsc/seg (mA/cm2)
51.74,Fill Factor (%),,48.86,Fill Factor (%),,52.18,Fill Factor (%),,61.18,Fill Factor (%),,28.43,Fill Factor (%),,66.04,Fill Factor (%),,68.35,Fill Factor (%),,52.84,Fill Factor (%),,58.43,Fill Factor (%),,55.65,Fill Factor (%),,26.81,Fill Factor (%),,68.6,Fill Factor (%),,40.95,Fill Factor (%),,69.13,Fill Factor (%),,62.9,Fill Factor (%),,67.16,Fill Factor (%),,56.97,Fill Factor (%),,64.66,Fill Factor (%),,33.33,Fill Factor (%),,39.37,Fill Factor (%),,22.7,Fill Factor (%),,70.15,Fill Factor (%),,45.99,Fill Factor (%),,75.51,Fill Factor (%),,69.51,Fill Factor (%),,29.46,Fill Factor (%),,52.01,Fill Factor (%),,46.41,Fill Factor (%),,40.93,Fill Factor (%),,48.71,Fill Factor (%),,41.16,Fill Factor (%),,64.7,Fill Factor (%),,58.64,Fill Factor (%),,70.63,Fill Factor (%),,69.62,Fill Factor (%),,68.74,Fill Factor (%),,70.03,Fill Factor (%),,69.48,Fill Factor (%),,49.75,Fill Factor (%),,57.93,Fill Factor (%),,58.79,Fill Factor (%),,53.43,Fill Factor (%),,58.54,Fill Factor (%),,45.69,Fill Factor (%),,60.06,Fill Factor (%),,413.56,Fill Factor (%),,51.95,Fill Factor (%)
0.03978,Pmax (mW),,0.078405,Pmax (mW),,0.08532,Pmax (mW),,0.3612,Pmax (mW),,0.0102135,Pmax (mW),,0.02652,Pmax (mW),,0.12789,Pmax (mW),,0.098775,Pmax (mW),,0.17025,Pmax (mW),,0.05058,Pmax (mW),,0.005424,Pmax (mW),,0.12543,Pmax (mW),,0.064365,Pmax (mW),,0.19605,Pmax (mW),,0.04161,Pmax (mW),,0.47085,Pmax (mW),,0.14589,Pmax (mW),,0.05217,Pmax (mW),,0.04215,Pmax (mW),,0.1056,Pmax (mW),,0.018705,Pmax (mW),,0.118665,Pmax (mW),,0.075555,Pmax (mW),,0.1581,Pmax (mW),,0.08901,Pmax (mW),,0.058965,Pmax (mW),,0.08913,Pmax (mW),,0.016755,Pmax (mW),,0.111705,Pmax (mW),,0.065895,Pmax (mW),,0.036045,Pmax (mW),,0.17475,Pmax (mW),,0.041325,Pmax (mW),,0.10794,Pmax (mW),,0.1773,Pmax (mW),,0.14757,Pmax (mW),,0.071715,Pmax (mW),,0.3012,Pmax (mW),,0.040245,Pmax (mW),,0.05292,Pmax (mW),,0.12,Pmax (mW),,0.06525,Pmax (mW),,0.066405,Pmax (mW),,0.0393,Pmax (mW),,0.147645,Pmax (mW),,0.0000005,Pmax (mW),,0.555,Pmax (mW)
0.4929,Vmax (V),,0.586,Vmax (V),,0.5689,Vmax (V),,0.633,Vmax (V),,0.2299,Vmax (V),,0.5359,Vmax (V),,0.621,Vmax (V),,0.509,Vmax (V),,0.546,Vmax (V),,0.516,Vmax (V),,0.146,Vmax (V),,0.629,Vmax (V),,0.634,Vmax (V),,0.644,Vmax (V),,0.5922,Vmax (V),,0.654,Vmax (V),,0.605,Vmax (V),,0.552,Vmax (V),,0.296,Vmax (V),,0.5748,Vmax (V),,0.487,Vmax (V),,0.584,Vmax (V),,0.628,Vmax (V),,0.651,Vmax (V),,0.628,Vmax (V),,0.3449,Vmax (V),,0.544,Vmax (V),,0.433,Vmax (V),,0.542,Vmax (V),,0.572,Vmax (V),,0.5706,Vmax (V),,0.684,Vmax (V),,0.611,Vmax (V),,0.596,Vmax (V),,0.673,Vmax (V),,0.616,Vmax (V),,0.6,Vmax (V),,0.653,Vmax (V),,0.513,Vmax (V),,0.552,Vmax (V),,0.585,Vmax (V),,0.627,Vmax (V),,0.573,Vmax (V),,0.497,Vmax (V),,0.652,Vmax (V),,0.127,Vmax (V),,0.5989,Vmax (V)
0.161,Imax (mA),,0.287,Imax (mA),,0.308,Imax (mA),,0.973,Imax (mA),,0.17,Imax (mA),,0.0777,Imax (mA),,0.313,Imax (mA),,0.386,Imax (mA),,0.555,Imax (mA),,0.185,Imax (mA),,0.152,Imax (mA),,0.303,Imax (mA),,0.288,Imax (mA),,0.453,Imax (mA),,0.117,Imax (mA),,1.1,Imax (mA),,0.443,Imax (mA),,0.151,Imax (mA),,0.461,Imax (mA),,0.497,Imax (mA),,0.19,Imax (mA),,0.303,Imax (mA),,0.297,Imax (mA),,0.34,Imax (mA),,0.213,Imax (mA),,0.615,Imax (mA),,0.331,Imax (mA),,0.088,Imax (mA),,0.542,Imax (mA),,0.255,Imax (mA),,0.19,Imax (mA),,0.411,Imax (mA),,0.12,Imax (mA),,0.263,Imax (mA),,0.399,Imax (mA),,0.361,Imax (mA),,0.176,Imax (mA),,0.681,Imax (mA),,0.165,Imax (mA),,0.174,Imax (mA),,0.36,Imax (mA),,0.209,Imax (mA),,0.208,Imax (mA),,0.191,Imax (mA),,0.39,Imax (mA),,0.0000114,Imax (mA),,1.86,Imax (mA)
0.11,Efficiency (%),,0.217,Efficiency (%),,0.237,Efficiency (%),,1.003,Efficiency (%),,0.028,Efficiency (%),,0.073,Efficiency (%),,0.354,Efficiency (%),,0.275,Efficiency (%),,0.474,Efficiency (%),,0.141,Efficiency (%),,0.015,Efficiency (%),,0.349,Efficiency (%),,0.178,Efficiency (%),,0.544,Efficiency (%),,0.116,Efficiency (%),,1.308,Efficiency (%),,0.406,Efficiency (%),,0.145,Efficiency (%),,0.117,Efficiency (%),,0.293,Efficiency (%),,0.052,Efficiency (%),,0.33,Efficiency (%),,0.21,Efficiency (%),,0.44,Efficiency (%),,0.247,Efficiency (%),,0.164,Efficiency (%),,0.248,Efficiency (%),,0.046,Efficiency (%),,0.31,Efficiency (%),,0.183,Efficiency (%),,0.1,Efficiency (%),,0.486,Efficiency (%),,0.115,Efficiency (%),,0.3,Efficiency (%),,0.492,Efficiency (%),,0.41,Efficiency (%),,0.199,Efficiency (%),,0.837,Efficiency (%),,0.112,Efficiency (%),,0.147,Efficiency (%),,0.334,Efficiency (%),,0.182,Efficiency (%),,0.184,Efficiency (%),,0.109,Efficiency (%),,0.41,Efficiency (%),,0,Efficiency (%),,1.541,Efficiency (%)
0.36,Test device area (cm2),,0.36,Test device area (cm2),,0.36,Test device area (cm2),,0.36,Test device area (cm2),,0.36,Test device area (cm2),,0.36,Test device area (cm2),,0.36,Test device area (cm2),,0.36,Test device area (cm2),,0.36,Test device area (cm2),,0.36,Test device area (cm2),,0.36,Test device area (cm2),,0.36,Test device area (cm2),,0.36,Test device area (cm2),,0.36,Test device area (cm2),,0.36,Test device area (cm2),,0.36,Test device area (cm2),,0.36,Test device area (cm2),,0.36,Test device area (cm2),,0.36,Test device area (cm2),,0.36,Test device area (cm2),,0.36,Test device area (cm2),,0.36,Test device area (cm2),,0.36,Test device area (cm2),,0.36,Test device area (cm2),,0.36,Test device area (cm2),,0.36,Test device area (cm2),,0.36,Test device area (cm2),,0.36,Test device area (cm2),,0.36,Test device area (cm2),,0.36,Test device area (cm2),,0.36,Test device area (cm2),,0.36,Test device area (cm2),,0.36,Test device area (cm2),,0.36,Test device area (cm2),,0.36,Test device area (cm2),,0.36,Test device area (cm2),,0.36,Test device area (cm2),,0.36,Test device area (cm2),,0.36,Test device area (cm2),,0.36,Test device area (cm2),,0.36,Test device area (cm2),,0.36,Test device area (cm2),,0.36,Test device area (cm2),,0.36,Test device area (cm2),,0.36,Test device area (cm2),,0.36,Test device area (cm2),,0.36,Test device area (cm2)
1,Number of series-connected stacks,,1,Number of series-connected stacks,,1,Number of series-connected stacks,,1,Number of series-connected stacks,,1,Number of series-connected stacks,,1,Number of series-connected stacks,,1,Number of series-connected stacks,,1,Number of series-connected stacks,,1,Number of series-connected stacks,,1,Number of series-connected stacks,,1,Number of series-connected stacks,,1,Number of series-connected stacks,,1,Number of series-connected stacks,,1,Number of series-connected stacks,,1,Number of series-connected stacks,,1,Number of series-connected stacks,,1,Number of series-connected stacks,,1,Number of series-connected stacks,,1,Number of series-connected stacks,,1,Number of series-connected stacks,,1,Number of series-connected stacks,,1,Number of series-connected stacks,,1,Number of series-connected stacks,,1,Number of series-connected stacks,,1,Number of series-connected stacks,,1,Number of series-connected stacks,,1,Number of series-connected stacks,,1,Number of series-connected stacks,,1,Number of series-connected stacks,,1,Number of series-connected stacks,,1,Number of series-connected stacks,,1,Number of series-connected stacks,,1,Number of series-connected stacks,,1,Number of series-connected stacks,,1,Number of series-connected stacks,,1,Number of series-connected stacks,,1,Number of series-connected stacks,,1,Number of series-connected stacks,,1,Number of series-connected stacks,,1,Number of series-connected stacks,,1,Number of series-connected stacks,,1,Number of series-connected stacks,,1,Number of series-connected stacks,,1,Number of series-connected stacks,,1,Number of series-connected stacks,,1,Number of series-connected stacks,,1,Number of series-connected stacks
1,Meter Integration (NPLC),,1,Meter Integration (NPLC),,1,Meter Integration (NPLC),,1,Meter Integration (NPLC),,1,Meter Integration (NPLC),,1,Meter Integration (NPLC),,1,Meter Integration (NPLC),,1,Meter Integration (NPLC),,1,Meter Integration (NPLC),,1,Meter Integration (NPLC),,1,Meter Integration (NPLC),,1,Meter Integration (NPLC),,1,Meter Integration (NPLC),,1,Meter Integration (NPLC),,1,Meter Integration (NPLC),,1,Meter Integration (NPLC),,1,Meter Integration (NPLC),,1,Meter Integration (NPLC),,1,Meter Integration (NPLC),,1,Meter Integration (NPLC),,1,Meter Integration (NPLC),,1,Meter Integration (NPLC),,1,Meter Integration (NPLC),,1,Meter Integration (NPLC),,1,Meter Integration (NPLC),,1,Meter Integration (NPLC),,1,Meter Integration (NPLC),,1,Meter Integration (NPLC),,1,Meter Integration (NPLC),,1,Meter Integration (NPLC),,1,Meter Integration (NPLC),,1,Meter Integration (NPLC),,1,Meter Integration (NPLC),,1,Meter Integration (NPLC),,1,Meter Integration (NPLC),,1,Meter Integration (NPLC),,1,Meter Integration (NPLC),,1,Meter Integration (NPLC),,1,Meter Integration (NPLC),,1,Meter Integration (NPLC),,1,Meter Integration (NPLC),,1,Meter Integration (NPLC),,1,Meter Integration (NPLC),,1,Meter Integration (NPLC),,1,Meter Integration (NPLC),,1,Meter Integration (NPLC),,1,Meter Integration (NPLC)
100,Source Irradiance (mW/cm2),,100,Source Irradiance (mW/cm2),,100,Source Irradiance (mW/cm2),,100,Source Irradiance (mW/cm2),,100,Source Irradiance (mW/cm2),,100,Source Irradiance (mW/cm2),,100,Source Irradiance (mW/cm2),,100,Source Irradiance (mW/cm2),,100,Source Irradiance (mW/cm2),,100,Source Irradiance (mW/cm2),,100,Source Irradiance (mW/cm2),,100,Source Irradiance (mW/cm2),,100,Source Irradiance (mW/cm2),,100,Source Irradiance (mW/cm2),,100,Source Irradiance (mW/cm2),,100,Source Irradiance (mW/cm2),,100,Source Irradiance (mW/cm2),,100,Source Irradiance (mW/cm2),,100,Source Irradiance (mW/cm2),,100,Source Irradiance (mW/cm2),,100,Source Irradiance (mW/cm2),,100,Source Irradiance (mW/cm2),,100,Source Irradiance (mW/cm2),,100,Source Irradiance (mW/cm2),,100,Source Irradiance (mW/cm2),,100,Source Irradiance (mW/cm2),,100,Source Irradiance (mW/cm2),,100,Source Irradiance (mW/cm2),,100,Source Irradiance (mW/cm2),,100,Source Irradiance (mW/cm2),,100,Source Irradiance (mW/cm2),,100,Source Irradiance (mW/cm2),,100,Source Irradiance (mW/cm2),,100,Source Irradiance (mW/cm2),,100,Source Irradiance (mW/cm2),,100,Source Irradiance (mW/cm2),,100,Source Irradiance (mW/cm2),,100,Source Irradiance (mW/cm2),,100,Source Irradiance (mW/cm2),,100,Source Irradiance (mW/cm2),,100,Source Irradiance (mW/cm2),,100,Source Irradiance (mW/cm2),,100,Source Irradiance (mW/cm2),,100,Source Irradiance (mW/cm2),,100,Source Irradiance (mW/cm2),,100,Source Irradiance (mW/cm2),,100,Source Irradiance (mW/cm2)
10,Voltage Settling Time (ms),,10,Voltage Settling Time (ms),,10,Voltage Settling Time (ms),,10,Voltage Settling Time (ms),,10,Voltage Settling Time (ms),,10,Voltage Settling Time (ms),,10,Voltage Settling Time (ms),,10,Voltage Settling Time (ms),,10,Voltage Settling Time (ms),,10,Voltage Settling Time (ms),,10,Voltage Settling Time (ms),,10,Voltage Settling Time (ms),,10,Voltage Settling Time (ms),,10,Voltage Settling Time (ms),,10,Voltage Settling Time (ms),,10,Voltage Settling Time (ms),,10,Voltage Settling Time (ms),,10,Voltage Settling Time (ms),,10,Voltage Settling Time (ms),,10,Voltage Settling Time (ms),,10,Voltage Settling Time (ms),,10,Voltage Settling Time (ms),,10,Voltage Settling Time (ms),,10,Voltage Settling Time (ms),,10,Voltage Settling Time (ms),,10,Voltage Settling Time (ms),,10,Voltage Settling Time (ms),,10,Voltage Settling Time (ms),,10,Voltage Settling Time (ms),,10,Voltage Settling Time (ms),,10,Voltage Settling Time (ms),,10,Voltage Settling Time (ms),,10,Voltage Settling Time (ms),,10,Voltage Settling Time (ms),,10,Voltage Settling Time (ms),,10,Voltage Settling Time (ms),,10,Voltage Settling Time (ms),,10,Voltage Settling Time (ms),,10,Voltage Settling Time (ms),,10,Voltage Settling Time (ms),,10,Voltage Settling Time (ms),,10,Voltage Settling Time (ms),,10,Voltage Settling Time (ms),,10,Voltage Settling Time (ms),,10,Voltage Settling Time (ms),,10,Voltage Settling Time (ms),,10,Voltage Settling Time (ms)
F -> R,Sweep Direction,,F -> R,Sweep Direction,,F -> R,Sweep Direction,,F -> R,Sweep Direction,,F -> R,Sweep Direction,,F -> R,Sweep Direction,,F -> R,Sweep Direction,,F -> R,Sweep Direction,,F -> R,Sweep Direction,,F -> R,Sweep Direction,,F -> R,Sweep Direction,,F -> R,Sweep Direction,,F -> R,Sweep Direction,,F -> R,Sweep Direction,,F -> R,Sweep Direction,,F -> R,Sweep Direction,,F -> R,Sweep Direction,,F -> R,Sweep Direction,,F -> R,Sweep Direction,,F -> R,Sweep Direction,,F -> R,Sweep Direction,,F -> R,Sweep Direction,,F -> R,Sweep Direction,,F -> R,Sweep Direction,,F -> R,Sweep Direction,,F -> R,Sweep Direction,,F -> R,Sweep Direction,,F -> R,Sweep Direction,,F -> R,Sweep Direction,,F -> R,Sweep Direction,,F -> R,Sweep Direction,,F -> R,Sweep Direction,,F -> R,Sweep Direction,,F -> R,Sweep Direction,,F -> R,Sweep Direction,,F -> R,Sweep Direction,,F -> R,Sweep Direction,,F -> R,Sweep Direction,,F -> R,Sweep Direction,,F -> R,Sweep Direction,,F -> R,Sweep Direction,,F -> R,Sweep Direction,,F -> R,Sweep Direction,,F -> R,Sweep Direction,,F -> R,Sweep Direction,,F -> R,Sweep Direction,,F -> R,Sweep Direction
